431038,"CAPEC-32",CAPEC
431039,"CAPEC-401",CAPEC
431040,"CAPEC-414",CAPEC
431041,"CAPEC-474",CAPEC
431042,"CAPEC-325",CAPEC
431043,"CAPEC-2",CAPEC
431044,"CAPEC-103",CAPEC
431045,"CAPEC-182",CAPEC
431046,"CAPEC-670",CAPEC
431047,"CAPEC-470",CAPEC
431048,"CAPEC-618",CAPEC
431049,"CAPEC-410",CAPEC
431050,"CAPEC-117",CAPEC
431051,"CAPEC-253",CAPEC
431052,"CAPEC-206",CAPEC
431053,"CAPEC-180",CAPEC
431054,"CAPEC-429",CAPEC
431055,"CAPEC-591",CAPEC
431056,"CAPEC-556",CAPEC
431057,"CAPEC-679",CAPEC
431058,"CAPEC-681",CAPEC
431059,"CAPEC-300",CAPEC
431060,"CAPEC-560",CAPEC
431061,"CAPEC-663",CAPEC
431062,"CAPEC-153",CAPEC
431063,"CAPEC-256",CAPEC
431064,"CAPEC-695",CAPEC
431065,"CAPEC-521",CAPEC
431066,"CAPEC-230",CAPEC
431067,"CAPEC-3",CAPEC
431068,"CAPEC-463",CAPEC
431069,"CAPEC-611",CAPEC
431070,"CAPEC-135",CAPEC
431071,"CAPEC-137",CAPEC
431072,"CAPEC-673",CAPEC
431073,"CAPEC-633",CAPEC
431074,"CAPEC-592",CAPEC
431075,"CAPEC-83",CAPEC
431076,"CAPEC-247",CAPEC
431077,"CAPEC-279",CAPEC
431078,"CAPEC-665",CAPEC
431079,"CAPEC-409",CAPEC
431080,"CAPEC-13",CAPEC
431081,"CAPEC-236",CAPEC
431082,"CAPEC-161",CAPEC
431083,"CAPEC-495",CAPEC
431084,"CAPEC-285",CAPEC
431085,"CAPEC-148",CAPEC
431086,"CAPEC-391",CAPEC
431087,"CAPEC-492",CAPEC
431088,"CAPEC-80",CAPEC
431089,"CAPEC-452",CAPEC
431090,"CAPEC-469",CAPEC
431091,"CAPEC-690",CAPEC
431092,"CAPEC-613",CAPEC
431093,"CAPEC-696",CAPEC
431094,"CAPEC-405",CAPEC
431095,"CAPEC-541",CAPEC
431096,"CAPEC-503",CAPEC
431097,"CAPEC-576",CAPEC
431098,"CAPEC-125",CAPEC
431099,"CAPEC-516",CAPEC
431100,"CAPEC-289",CAPEC
431101,"CAPEC-91",CAPEC
431102,"CAPEC-44",CAPEC
431103,"CAPEC-126",CAPEC
431104,"CAPEC-406",CAPEC
431105,"CAPEC-438",CAPEC
431106,"CAPEC-597",CAPEC
431107,"CAPEC-702",CAPEC
431108,"CAPEC-176",CAPEC
431109,"CAPEC-614",CAPEC
431110,"CAPEC-654",CAPEC
431111,"CAPEC-548",CAPEC
431112,"CAPEC-157",CAPEC
431113,"CAPEC-85",CAPEC
431114,"CAPEC-188",CAPEC
431115,"CAPEC-423",CAPEC
431116,"CAPEC-449",CAPEC
431117,"CAPEC-590",CAPEC
431118,"CAPEC-34",CAPEC
431119,"CAPEC-227",CAPEC
431120,"CAPEC-524",CAPEC
431121,"CAPEC-389",CAPEC
431122,"CAPEC-454",CAPEC
431123,"CAPEC-54",CAPEC
431124,"CAPEC-260",CAPEC
431125,"CAPEC-245",CAPEC
431126,"CAPEC-111",CAPEC
431127,"CAPEC-189",CAPEC
431128,"CAPEC-413",CAPEC
431129,"CAPEC-502",CAPEC
431130,"CAPEC-191",CAPEC
431131,"CAPEC-650",CAPEC
431132,"CAPEC-536",CAPEC
431133,"CAPEC-75",CAPEC
431134,"CAPEC-542",CAPEC
431135,"CAPEC-151",CAPEC
431136,"CAPEC-587",CAPEC
431137,"CAPEC-569",CAPEC
431138,"CAPEC-468",CAPEC
431139,"CAPEC-584",CAPEC
431140,"CAPEC-150",CAPEC
431141,"CAPEC-195",CAPEC
431142,"CAPEC-400",CAPEC
431143,"CAPEC-146",CAPEC
431144,"CAPEC-221",CAPEC
431145,"CAPEC-38",CAPEC
431146,"CAPEC-383",CAPEC
431147,"CAPEC-694",CAPEC
431148,"CAPEC-87",CAPEC
431149,"CAPEC-97",CAPEC
431150,"CAPEC-268",CAPEC
431151,"CAPEC-250",CAPEC
431152,"CAPEC-158",CAPEC
431153,"CAPEC-140",CAPEC
431154,"CAPEC-270",CAPEC
431155,"CAPEC-136",CAPEC
431156,"CAPEC-185",CAPEC
431157,"CAPEC-309",CAPEC
431158,"CAPEC-384",CAPEC
431159,"CAPEC-477",CAPEC
431160,"CAPEC-62",CAPEC
431161,"CAPEC-61",CAPEC
431162,"CAPEC-42",CAPEC
431163,"CAPEC-487",CAPEC
431164,"CAPEC-635",CAPEC
431165,"CAPEC-244",CAPEC
431166,"CAPEC-213",CAPEC
431167,"CAPEC-234",CAPEC
431168,"CAPEC-616",CAPEC
431169,"CAPEC-23",CAPEC
431170,"CAPEC-170",CAPEC
431171,"CAPEC-220",CAPEC
431172,"CAPEC-600",CAPEC
431173,"CAPEC-115",CAPEC
431174,"CAPEC-697",CAPEC
431175,"CAPEC-416",CAPEC
431176,"CAPEC-266",CAPEC
431177,"CAPEC-33",CAPEC
431178,"CAPEC-475",CAPEC
431179,"CAPEC-473",CAPEC
431180,"CAPEC-239",CAPEC
431181,"CAPEC-549",CAPEC
431182,"CAPEC-500",CAPEC
431183,"CAPEC-535",CAPEC
431184,"CAPEC-133",CAPEC
431185,"CAPEC-655",CAPEC
431186,"CAPEC-108",CAPEC
431187,"CAPEC-131",CAPEC
431188,"CAPEC-523",CAPEC
431189,"CAPEC-580",CAPEC
431190,"CAPEC-66",CAPEC
431191,"CAPEC-74",CAPEC
431192,"CAPEC-568",CAPEC
431193,"CAPEC-84",CAPEC
431194,"CAPEC-632",CAPEC
431195,"CAPEC-121",CAPEC
431196,"CAPEC-276",CAPEC
431197,"CAPEC-187",CAPEC
431198,"CAPEC-64",CAPEC
431199,"CAPEC-130",CAPEC
431200,"CAPEC-11",CAPEC
431201,"CAPEC-303",CAPEC
431202,"CAPEC-304",CAPEC
431203,"CAPEC-522",CAPEC
431204,"CAPEC-605",CAPEC
431205,"CAPEC-397",CAPEC
431206,"CAPEC-272",CAPEC
431207,"CAPEC-634",CAPEC
431208,"CAPEC-602",CAPEC
431209,"CAPEC-544",CAPEC
431210,"CAPEC-330",CAPEC
431211,"CAPEC-480",CAPEC
431212,"CAPEC-88",CAPEC
431213,"CAPEC-123",CAPEC
431214,"CAPEC-49",CAPEC
431215,"CAPEC-404",CAPEC
431216,"CAPEC-586",CAPEC
431217,"CAPEC-533",CAPEC
431218,"CAPEC-551",CAPEC
431219,"CAPEC-274",CAPEC
431220,"CAPEC-160",CAPEC
431221,"CAPEC-67",CAPEC
431222,"CAPEC-89",CAPEC
431223,"CAPEC-520",CAPEC
431224,"CAPEC-246",CAPEC
431225,"CAPEC-699",CAPEC
431226,"CAPEC-629",CAPEC
431227,"CAPEC-465",CAPEC
431228,"CAPEC-72",CAPEC
431229,"CAPEC-94",CAPEC
431230,"CAPEC-258",CAPEC
431231,"CAPEC-252",CAPEC
431232,"CAPEC-458",CAPEC
431233,"CAPEC-8",CAPEC
431234,"CAPEC-215",CAPEC
431235,"CAPEC-201",CAPEC
431236,"CAPEC-127",CAPEC
431237,"CAPEC-484",CAPEC
431238,"CAPEC-608",CAPEC
431239,"CAPEC-184",CAPEC
431240,"CAPEC-543",CAPEC
431241,"CAPEC-615",CAPEC
431242,"CAPEC-570",CAPEC
431243,"CAPEC-565",CAPEC
431244,"CAPEC-617",CAPEC
431245,"CAPEC-466",CAPEC
431246,"CAPEC-506",CAPEC
431247,"CAPEC-418",CAPEC
431248,"CAPEC-113",CAPEC
431249,"CAPEC-5",CAPEC
431250,"CAPEC-56",CAPEC
431251,"CAPEC-179",CAPEC
431252,"CAPEC-277",CAPEC
431253,"CAPEC-28",CAPEC
431254,"CAPEC-95",CAPEC
431255,"CAPEC-96",CAPEC
431256,"CAPEC-422",CAPEC
431257,"CAPEC-562",CAPEC
431258,"CAPEC-20",CAPEC
431259,"CAPEC-69",CAPEC
431260,"CAPEC-122",CAPEC
431261,"CAPEC-574",CAPEC
431262,"CAPEC-667",CAPEC
431263,"CAPEC-640",CAPEC
431264,"CAPEC-324",CAPEC
431265,"CAPEC-609",CAPEC
431266,"CAPEC-485",CAPEC
431267,"CAPEC-698",CAPEC
431268,"CAPEC-142",CAPEC
431269,"CAPEC-486",CAPEC
431270,"CAPEC-457",CAPEC
431271,"CAPEC-668",CAPEC
431272,"CAPEC-320",CAPEC
431273,"CAPEC-555",CAPEC
431274,"CAPEC-193",CAPEC
431275,"CAPEC-52",CAPEC
431276,"CAPEC-408",CAPEC
431277,"CAPEC-396",CAPEC
431278,"CAPEC-642",CAPEC
431279,"CAPEC-269",CAPEC
431280,"CAPEC-26",CAPEC
431281,"CAPEC-51",CAPEC
431282,"CAPEC-178",CAPEC
431283,"CAPEC-138",CAPEC
431284,"CAPEC-226",CAPEC
431285,"CAPEC-36",CAPEC
431286,"CAPEC-288",CAPEC
431287,"CAPEC-267",CAPEC
431288,"CAPEC-313",CAPEC
431289,"CAPEC-637",CAPEC
431290,"CAPEC-98",CAPEC
431291,"CAPEC-412",CAPEC
431292,"CAPEC-446",CAPEC
431293,"CAPEC-622",CAPEC
431294,"CAPEC-296",CAPEC
431295,"CAPEC-399",CAPEC
431296,"CAPEC-166",CAPEC
431297,"CAPEC-217",CAPEC
431298,"CAPEC-425",CAPEC
431299,"CAPEC-583",CAPEC
431300,"CAPEC-322",CAPEC
431301,"CAPEC-641",CAPEC
431302,"CAPEC-494",CAPEC
431303,"CAPEC-656",CAPEC
431304,"CAPEC-208",CAPEC
431305,"CAPEC-579",CAPEC
431306,"CAPEC-175",CAPEC
431307,"CAPEC-233",CAPEC
431308,"CAPEC-73",CAPEC
431309,"CAPEC-110",CAPEC
431310,"CAPEC-593",CAPEC
431311,"CAPEC-100",CAPEC
431312,"CAPEC-481",CAPEC
431313,"CAPEC-669",CAPEC
431314,"CAPEC-106",CAPEC
431315,"CAPEC-7",CAPEC
431316,"CAPEC-317",CAPEC
431317,"CAPEC-657",CAPEC
431318,"CAPEC-46",CAPEC
431319,"CAPEC-243",CAPEC
431320,"CAPEC-124",CAPEC
431321,"CAPEC-273",CAPEC
431322,"CAPEC-621",CAPEC
431323,"CAPEC-661",CAPEC
431324,"CAPEC-508",CAPEC
431325,"CAPEC-144",CAPEC
431326,"CAPEC-623",CAPEC
431327,"CAPEC-241",CAPEC
431328,"CAPEC-649",CAPEC
431329,"CAPEC-478",CAPEC
431330,"CAPEC-68",CAPEC
431331,"CAPEC-132",CAPEC
431332,"CAPEC-417",CAPEC
431333,"CAPEC-50",CAPEC
431334,"CAPEC-298",CAPEC
431335,"CAPEC-447",CAPEC
431336,"CAPEC-672",CAPEC
431337,"CAPEC-70",CAPEC
431338,"CAPEC-107",CAPEC
431339,"CAPEC-293",CAPEC
431340,"CAPEC-678",CAPEC
431341,"CAPEC-547",CAPEC
431342,"CAPEC-287",CAPEC
431343,"CAPEC-566",CAPEC
431344,"CAPEC-675",CAPEC
431345,"CAPEC-39",CAPEC
431346,"CAPEC-432",CAPEC
431347,"CAPEC-411",CAPEC
431348,"CAPEC-435",CAPEC
431349,"CAPEC-559",CAPEC
431350,"CAPEC-249",CAPEC
431351,"CAPEC-305",CAPEC
431352,"CAPEC-214",CAPEC
431353,"CAPEC-671",CAPEC
431354,"CAPEC-159",CAPEC
431355,"CAPEC-646",CAPEC
431356,"CAPEC-392",CAPEC
431357,"CAPEC-143",CAPEC
431358,"CAPEC-63",CAPEC
431359,"CAPEC-455",CAPEC
431360,"CAPEC-582",CAPEC
431361,"CAPEC-489",CAPEC
431362,"CAPEC-464",CAPEC
431363,"CAPEC-518",CAPEC
431364,"CAPEC-18",CAPEC
431365,"CAPEC-498",CAPEC
431366,"CAPEC-610",CAPEC
431367,"CAPEC-488",CAPEC
431368,"CAPEC-290",CAPEC
431369,"CAPEC-129",CAPEC
431370,"CAPEC-169",CAPEC
431371,"CAPEC-507",CAPEC
431372,"CAPEC-154",CAPEC
431373,"CAPEC-388",CAPEC
431374,"CAPEC-596",CAPEC
431375,"CAPEC-197",CAPEC
431376,"CAPEC-37",CAPEC
431377,"CAPEC-603",CAPEC
431378,"CAPEC-666",CAPEC
431379,"CAPEC-529",CAPEC
431380,"CAPEC-254",CAPEC
431381,"CAPEC-528",CAPEC
431382,"CAPEC-490",CAPEC
431383,"CAPEC-59",CAPEC
431384,"CAPEC-155",CAPEC
431385,"CAPEC-577",CAPEC
431386,"CAPEC-104",CAPEC
431387,"CAPEC-257",CAPEC
431388,"CAPEC-420",CAPEC
431389,"CAPEC-598",CAPEC
431390,"CAPEC-677",CAPEC
431391,"CAPEC-216",CAPEC
431392,"CAPEC-476",CAPEC
431393,"CAPEC-441",CAPEC
431394,"CAPEC-192",CAPEC
431395,"CAPEC-692",CAPEC
431396,"CAPEC-424",CAPEC
431397,"CAPEC-222",CAPEC
431398,"CAPEC-660",CAPEC
431399,"CAPEC-294",CAPEC
431400,"CAPEC-415",CAPEC
431401,"CAPEC-105",CAPEC
431402,"CAPEC-65",CAPEC
431403,"CAPEC-228",CAPEC
431404,"CAPEC-238",CAPEC
431405,"CAPEC-453",CAPEC
431406,"CAPEC-190",CAPEC
431407,"CAPEC-76",CAPEC
431408,"CAPEC-472",CAPEC
431409,"CAPEC-439",CAPEC
431410,"CAPEC-139",CAPEC
431411,"CAPEC-211",CAPEC
431412,"CAPEC-624",CAPEC
431413,"CAPEC-662",CAPEC
431414,"CAPEC-16",CAPEC
431415,"CAPEC-90",CAPEC
431416,"CAPEC-386",CAPEC
431417,"CAPEC-434",CAPEC
431418,"CAPEC-540",CAPEC
431419,"CAPEC-328",CAPEC
431420,"CAPEC-394",CAPEC
431421,"CAPEC-575",CAPEC
431422,"CAPEC-550",CAPEC
431423,"CAPEC-625",CAPEC
431424,"CAPEC-174",CAPEC
431425,"CAPEC-6",CAPEC
431426,"CAPEC-168",CAPEC
431427,"CAPEC-631",CAPEC
431428,"CAPEC-571",CAPEC
431429,"CAPEC-15",CAPEC
431430,"CAPEC-332",CAPEC
431431,"CAPEC-41",CAPEC
431432,"CAPEC-45",CAPEC
431433,"CAPEC-607",CAPEC
431434,"CAPEC-693",CAPEC
431435,"CAPEC-165",CAPEC
431436,"CAPEC-17",CAPEC
431437,"CAPEC-316",CAPEC
431438,"CAPEC-86",CAPEC
431439,"CAPEC-651",CAPEC
431440,"CAPEC-644",CAPEC
431441,"CAPEC-461",CAPEC
431442,"CAPEC-505",CAPEC
431443,"CAPEC-301",CAPEC
431444,"CAPEC-318",CAPEC
431445,"CAPEC-299",CAPEC
431446,"CAPEC-323",CAPEC
431447,"CAPEC-538",CAPEC
431448,"CAPEC-311",CAPEC
431449,"CAPEC-387",CAPEC
431450,"CAPEC-240",CAPEC
431451,"CAPEC-443",CAPEC
431452,"CAPEC-163",CAPEC
431453,"CAPEC-264",CAPEC
431454,"CAPEC-493",CAPEC
431455,"CAPEC-77",CAPEC
431456,"CAPEC-479",CAPEC
431457,"CAPEC-310",CAPEC
431458,"CAPEC-93",CAPEC
431459,"CAPEC-205",CAPEC
431460,"CAPEC-395",CAPEC
431461,"CAPEC-504",CAPEC
431462,"CAPEC-604",CAPEC
431463,"CAPEC-314",CAPEC
431464,"CAPEC-563",CAPEC
431465,"CAPEC-501",CAPEC
431466,"CAPEC-578",CAPEC
431467,"CAPEC-594",CAPEC
431468,"CAPEC-509",CAPEC
431469,"CAPEC-599",CAPEC
431470,"CAPEC-186",CAPEC
431471,"CAPEC-265",CAPEC
431472,"CAPEC-55",CAPEC
431473,"CAPEC-561",CAPEC
431474,"CAPEC-460",CAPEC
431475,"CAPEC-627",CAPEC
431476,"CAPEC-30",CAPEC
431477,"CAPEC-306",CAPEC
431478,"CAPEC-60",CAPEC
431479,"CAPEC-196",CAPEC
431480,"CAPEC-653",CAPEC
431481,"CAPEC-327",CAPEC
431482,"CAPEC-402",CAPEC
431483,"CAPEC-194",CAPEC
431484,"CAPEC-302",CAPEC
431485,"CAPEC-444",CAPEC
431486,"CAPEC-620",CAPEC
431487,"CAPEC-291",CAPEC
431488,"CAPEC-204",CAPEC
431489,"CAPEC-331",CAPEC
431490,"CAPEC-682",CAPEC
431491,"CAPEC-235",CAPEC
431492,"CAPEC-149",CAPEC
431493,"CAPEC-589",CAPEC
431494,"CAPEC-431",CAPEC
431495,"CAPEC-297",CAPEC
431496,"CAPEC-307",CAPEC
431497,"CAPEC-601",CAPEC
431498,"CAPEC-25",CAPEC
431499,"CAPEC-212",CAPEC
431500,"CAPEC-171",CAPEC
431501,"CAPEC-531",CAPEC
431502,"CAPEC-628",CAPEC
431503,"CAPEC-398",CAPEC
431504,"CAPEC-674",CAPEC
431505,"CAPEC-147",CAPEC
431506,"CAPEC-79",CAPEC
431507,"CAPEC-109",CAPEC
431508,"CAPEC-275",CAPEC
431509,"CAPEC-308",CAPEC
431510,"CAPEC-40",CAPEC
431511,"CAPEC-482",CAPEC
431512,"CAPEC-128",CAPEC
431513,"CAPEC-183",CAPEC
431514,"CAPEC-638",CAPEC
431515,"CAPEC-219",CAPEC
431516,"CAPEC-636",CAPEC
431517,"CAPEC-114",CAPEC
431518,"CAPEC-390",CAPEC
431519,"CAPEC-31",CAPEC
431520,"CAPEC-21",CAPEC
431521,"CAPEC-534",CAPEC
431522,"CAPEC-14",CAPEC
431523,"CAPEC-595",CAPEC
431524,"CAPEC-456",CAPEC
431525,"CAPEC-259",CAPEC
431526,"CAPEC-606",CAPEC
431527,"CAPEC-511",CAPEC
431528,"CAPEC-519",CAPEC
431529,"CAPEC-680",CAPEC
431530,"CAPEC-700",CAPEC
431531,"CAPEC-315",CAPEC
431532,"CAPEC-78",CAPEC
431533,"CAPEC-102",CAPEC
431534,"CAPEC-626",CAPEC
431535,"CAPEC-198",CAPEC
431536,"CAPEC-545",CAPEC
431537,"CAPEC-643",CAPEC
431538,"CAPEC-209",CAPEC
431539,"CAPEC-29",CAPEC
431540,"CAPEC-321",CAPEC
431541,"CAPEC-263",CAPEC
431542,"CAPEC-491",CAPEC
431543,"CAPEC-312",CAPEC
431544,"CAPEC-319",CAPEC
431545,"CAPEC-421",CAPEC
431546,"CAPEC-237",CAPEC
431547,"CAPEC-231",CAPEC
431548,"CAPEC-57",CAPEC
431549,"CAPEC-427",CAPEC
431550,"CAPEC-428",CAPEC
431551,"CAPEC-440",CAPEC
431552,"CAPEC-619",CAPEC
431553,"CAPEC-647",CAPEC
431554,"CAPEC-701",CAPEC
431555,"CAPEC-92",CAPEC
431556,"CAPEC-691",CAPEC
431557,"CAPEC-639",CAPEC
431558,"CAPEC-517",CAPEC
431559,"CAPEC-471",CAPEC
431560,"CAPEC-385",CAPEC
431561,"CAPEC-53",CAPEC
431562,"CAPEC-22",CAPEC
431563,"CAPEC-203",CAPEC
431564,"CAPEC-58",CAPEC
431565,"CAPEC-248",CAPEC
431566,"CAPEC-271",CAPEC
431567,"CAPEC-572",CAPEC
431568,"CAPEC-648",CAPEC
431569,"CAPEC-393",CAPEC
431570,"CAPEC-530",CAPEC
431571,"CAPEC-167",CAPEC
431572,"CAPEC-552",CAPEC
431573,"CAPEC-645",CAPEC
431574,"CAPEC-116",CAPEC
431575,"CAPEC-588",CAPEC
431576,"CAPEC-664",CAPEC
431577,"CAPEC-433",CAPEC
431578,"CAPEC-71",CAPEC
431579,"CAPEC-467",CAPEC
431580,"CAPEC-207",CAPEC
431581,"CAPEC-451",CAPEC
431582,"CAPEC-9",CAPEC
431583,"CAPEC-101",CAPEC
431584,"CAPEC-557",CAPEC
431585,"CAPEC-450",CAPEC
431586,"CAPEC-280",CAPEC
431587,"CAPEC-134",CAPEC
431588,"CAPEC-567",CAPEC
431589,"CAPEC-48",CAPEC
431590,"CAPEC-537",CAPEC
431591,"CAPEC-546",CAPEC
431592,"CAPEC-1",CAPEC
431593,"CAPEC-573",CAPEC
431594,"CAPEC-499",CAPEC
431595,"CAPEC-558",CAPEC
431596,"CAPEC-676",CAPEC
431597,"CAPEC-278",CAPEC
431598,"CAPEC-295",CAPEC
431599,"CAPEC-419",CAPEC
431600,"CAPEC-218",CAPEC
431601,"CAPEC-407",CAPEC
431602,"CAPEC-510",CAPEC
431603,"CAPEC-112",CAPEC
431604,"CAPEC-497",CAPEC
431605,"CAPEC-200",CAPEC
431606,"CAPEC-564",CAPEC
431607,"CAPEC-261",CAPEC
431608,"CAPEC-177",CAPEC
431609,"CAPEC-162",CAPEC
431610,"CAPEC-532",CAPEC
431611,"CAPEC-27",CAPEC
431612,"CAPEC-581",CAPEC
431613,"CAPEC-430",CAPEC
431614,"CAPEC-459",CAPEC
431615,"CAPEC-81",CAPEC
431616,"CAPEC-442",CAPEC
431617,"CAPEC-630",CAPEC
431618,"CAPEC-82",CAPEC
431619,"CAPEC-145",CAPEC
431620,"CAPEC-612",CAPEC
431621,"CAPEC-173",CAPEC
431622,"CAPEC-496",CAPEC
431623,"CAPEC-199",CAPEC
431624,"CAPEC-24",CAPEC
431625,"CAPEC-539",CAPEC
431626,"CAPEC-251",CAPEC
431627,"CAPEC-329",CAPEC
431628,"CAPEC-164",CAPEC
431629,"CAPEC-10",CAPEC
431630,"CAPEC-426",CAPEC
431631,"CAPEC-181",CAPEC
431632,"CAPEC-19",CAPEC
431633,"CAPEC-462",CAPEC
431634,"CAPEC-202",CAPEC
431635,"CAPEC-292",CAPEC
431636,"CAPEC-448",CAPEC
431637,"CAPEC-4",CAPEC
431638,"CAPEC-47",CAPEC
431639,"CAPEC-652",CAPEC
431640,"CAPEC-585",CAPEC
431641,"CAPEC-35",CAPEC
431642,"CAPEC-120",CAPEC
431643,"CAPEC-99",CAPEC
431644,"CAPEC-141",CAPEC
431645,"CAPEC-43",CAPEC
431646,"CAPEC-242",CAPEC
431647,"CAPEC-12",CAPEC
431648,"CAPEC-445",CAPEC
431649,"CAPEC-554",CAPEC
431650,"CAPEC-229",CAPEC
431651,"CAPEC-224",CAPEC
431652,"CAPEC-326",CAPEC
