123049,CAPEC_ID,431592, hasCAPEC
123125,CAPEC_ID,431592, hasCAPEC
122814,CAPEC_ID,431592, hasCAPEC
123005,CAPEC_ID,431592, hasCAPEC
123090,CAPEC_ID,431592, hasCAPEC
123166,CAPEC_ID,431592, hasCAPEC
122886,CAPEC_ID,431592, hasCAPEC
122861,CAPEC_ID,431592, hasCAPEC
122881,CAPEC_ID,431592, hasCAPEC
122878,CAPEC_ID,431592, hasCAPEC
123069,CAPEC_ID,431592, hasCAPEC
123139,CAPEC_ID,431592, hasCAPEC
122926,CAPEC_ID,431592, hasCAPEC
123157,CAPEC_ID,431592, hasCAPEC
122959,CAPEC_ID,431592, hasCAPEC
122804,CAPEC_ID,431592, hasCAPEC
123144,CAPEC_ID,431629, hasCAPEC
122822,CAPEC_ID,431629, hasCAPEC
122904,CAPEC_ID,431629, hasCAPEC
122967,CAPEC_ID,431629, hasCAPEC
123018,CAPEC_ID,431629, hasCAPEC
122940,CAPEC_ID,431629, hasCAPEC
122801,CAPEC_ID,431629, hasCAPEC
122839,CAPEC_ID,431629, hasCAPEC
122871,CAPEC_ID,431629, hasCAPEC
123116,CAPEC_ID,431629, hasCAPEC
122826,CAPEC_ID,431311, hasCAPEC
123143,CAPEC_ID,431311, hasCAPEC
122822,CAPEC_ID,431311, hasCAPEC
123134,CAPEC_ID,431311, hasCAPEC
122839,CAPEC_ID,431311, hasCAPEC
122871,CAPEC_ID,431311, hasCAPEC
122915,CAPEC_ID,431583, hasCAPEC
122904,CAPEC_ID,431583, hasCAPEC
122940,CAPEC_ID,431583, hasCAPEC
123031,CAPEC_ID,431533, hasCAPEC
122979,CAPEC_ID,431533, hasCAPEC
123137,CAPEC_ID,431533, hasCAPEC
122899,CAPEC_ID,431533, hasCAPEC
123014,CAPEC_ID,431533, hasCAPEC
122789,CAPEC_ID,431044, hasCAPEC
122808,CAPEC_ID,431386, hasCAPEC
122913,CAPEC_ID,431386, hasCAPEC
122940,CAPEC_ID,431386, hasCAPEC
123139,CAPEC_ID,431386, hasCAPEC
123050,CAPEC_ID,431386, hasCAPEC
122983,CAPEC_ID,431401, hasCAPEC
122904,CAPEC_ID,431401, hasCAPEC
122794,CAPEC_ID,431401, hasCAPEC
123154,CAPEC_ID,431401, hasCAPEC
122937,CAPEC_ID,431338, hasCAPEC
123069,CAPEC_ID,431338, hasCAPEC
123122,CAPEC_ID,431186, hasCAPEC
122945,CAPEC_ID,431186, hasCAPEC
122904,CAPEC_ID,431186, hasCAPEC
123129,CAPEC_ID,431186, hasCAPEC
122940,CAPEC_ID,431186, hasCAPEC
122945,CAPEC_ID,431507, hasCAPEC
122916,CAPEC_ID,431507, hasCAPEC
122940,CAPEC_ID,431507, hasCAPEC
122876,CAPEC_ID,431200, hasCAPEC
122945,CAPEC_ID,431309, hasCAPEC
122940,CAPEC_ID,431309, hasCAPEC
123048,CAPEC_ID,431126, hasCAPEC
122900,CAPEC_ID,431126, hasCAPEC
122970,CAPEC_ID,431126, hasCAPEC
122860,CAPEC_ID,431603, hasCAPEC
123060,CAPEC_ID,431603, hasCAPEC
122853,CAPEC_ID,431603, hasCAPEC
122929,CAPEC_ID,431248, hasCAPEC
123155,CAPEC_ID,431517, hasCAPEC
123092,CAPEC_ID,431517, hasCAPEC
123092,CAPEC_ID,431173, hasCAPEC
123141,CAPEC_ID,431574, hasCAPEC
123180,CAPEC_ID,431574, hasCAPEC
123137,CAPEC_ID,431050, hasCAPEC
123006,CAPEC_ID,431647, hasCAPEC
122972,CAPEC_ID,431647, hasCAPEC
122800,CAPEC_ID,431642, hasCAPEC
123147,CAPEC_ID,431642, hasCAPEC
122904,CAPEC_ID,431642, hasCAPEC
123046,CAPEC_ID,431642, hasCAPEC
122798,CAPEC_ID,431642, hasCAPEC
123133,CAPEC_ID,431642, hasCAPEC
122801,CAPEC_ID,431642, hasCAPEC
122940,CAPEC_ID,431642, hasCAPEC
123080,CAPEC_ID,431642, hasCAPEC
123083,CAPEC_ID,431642, hasCAPEC
123020,CAPEC_ID,431195, hasCAPEC
122891,CAPEC_ID,431195, hasCAPEC
123110,CAPEC_ID,431195, hasCAPEC
123045,CAPEC_ID,431195, hasCAPEC
122953,CAPEC_ID,431195, hasCAPEC
122956,CAPEC_ID,431195, hasCAPEC
123174,CAPEC_ID,431195, hasCAPEC
123007,CAPEC_ID,431195, hasCAPEC
123132,CAPEC_ID,431195, hasCAPEC
122890,CAPEC_ID,431195, hasCAPEC
123049,CAPEC_ID,431260, hasCAPEC
122858,CAPEC_ID,431260, hasCAPEC
123179,CAPEC_ID,431260, hasCAPEC
122839,CAPEC_ID,431213, hasCAPEC
122934,CAPEC_ID,431320, hasCAPEC
122948,CAPEC_ID,431320, hasCAPEC
122927,CAPEC_ID,431098, hasCAPEC
122980,CAPEC_ID,431098, hasCAPEC
122941,CAPEC_ID,431103, hasCAPEC
123049,CAPEC_ID,431236, hasCAPEC
122947,CAPEC_ID,431236, hasCAPEC
123136,CAPEC_ID,431236, hasCAPEC
123069,CAPEC_ID,431236, hasCAPEC
123139,CAPEC_ID,431236, hasCAPEC
123156,CAPEC_ID,431236, hasCAPEC
123090,CAPEC_ID,431236, hasCAPEC
122776,CAPEC_ID,431512, hasCAPEC
122776,CAPEC_ID,431369, hasCAPEC
122843,CAPEC_ID,431369, hasCAPEC
122968,CAPEC_ID,431369, hasCAPEC
122829,CAPEC_ID,431080, hasCAPEC
122904,CAPEC_ID,431080, hasCAPEC
123059,CAPEC_ID,431080, hasCAPEC
123135,CAPEC_ID,431080, hasCAPEC
122940,CAPEC_ID,431080, hasCAPEC
123139,CAPEC_ID,431080, hasCAPEC
123141,CAPEC_ID,431080, hasCAPEC
123116,CAPEC_ID,431080, hasCAPEC
123104,CAPEC_ID,431199, hasCAPEC
122927,CAPEC_ID,431199, hasCAPEC
122980,CAPEC_ID,431199, hasCAPEC
122980,CAPEC_ID,431187, hasCAPEC
122877,CAPEC_ID,431331, hasCAPEC
123138,CAPEC_ID,431184, hasCAPEC
122931,CAPEC_ID,431587, hasCAPEC
123033,CAPEC_ID,431070, hasCAPEC
122904,CAPEC_ID,431070, hasCAPEC
122940,CAPEC_ID,431070, hasCAPEC
123176,CAPEC_ID,431155, hasCAPEC
123149,CAPEC_ID,431155, hasCAPEC
122940,CAPEC_ID,431155, hasCAPEC
123094,CAPEC_ID,431071, hasCAPEC
123032,CAPEC_ID,431283, hasCAPEC
122823,CAPEC_ID,431410, hasCAPEC
123144,CAPEC_ID,431522, hasCAPEC
122822,CAPEC_ID,431522, hasCAPEC
122829,CAPEC_ID,431522, hasCAPEC
122904,CAPEC_ID,431522, hasCAPEC
122801,CAPEC_ID,431522, hasCAPEC
122940,CAPEC_ID,431522, hasCAPEC
122839,CAPEC_ID,431522, hasCAPEC
122871,CAPEC_ID,431522, hasCAPEC
122925,CAPEC_ID,431153, hasCAPEC
122805,CAPEC_ID,431644, hasCAPEC
122900,CAPEC_ID,431644, hasCAPEC
122970,CAPEC_ID,431644, hasCAPEC
122786,CAPEC_ID,431644, hasCAPEC
122970,CAPEC_ID,431268, hasCAPEC
122900,CAPEC_ID,431268, hasCAPEC
122835,CAPEC_ID,431268, hasCAPEC
122805,CAPEC_ID,431268, hasCAPEC
122786,CAPEC_ID,431268, hasCAPEC
123136,CAPEC_ID,431357, hasCAPEC
123136,CAPEC_ID,431325, hasCAPEC
122991,CAPEC_ID,431619, hasCAPEC
122850,CAPEC_ID,431143, hasCAPEC
123135,CAPEC_ID,431143, hasCAPEC
122927,CAPEC_ID,431505, hasCAPEC
123109,CAPEC_ID,431505, hasCAPEC
122900,CAPEC_ID,431085, hasCAPEC
123114,CAPEC_ID,431492, hasCAPEC
123149,CAPEC_ID,431429, hasCAPEC
123017,CAPEC_ID,431429, hasCAPEC
123120,CAPEC_ID,431429, hasCAPEC
122810,CAPEC_ID,431429, hasCAPEC
123122,CAPEC_ID,431429, hasCAPEC
122942,CAPEC_ID,431429, hasCAPEC
123133,CAPEC_ID,431429, hasCAPEC
123003,CAPEC_ID,431429, hasCAPEC
122801,CAPEC_ID,431429, hasCAPEC
122836,CAPEC_ID,431429, hasCAPEC
123154,CAPEC_ID,431429, hasCAPEC
123095,CAPEC_ID,431140, hasCAPEC
122982,CAPEC_ID,431140, hasCAPEC
123022,CAPEC_ID,431140, hasCAPEC
123158,CAPEC_ID,431140, hasCAPEC
122779,CAPEC_ID,431140, hasCAPEC
123087,CAPEC_ID,431140, hasCAPEC
122897,CAPEC_ID,431140, hasCAPEC
123092,CAPEC_ID,431135, hasCAPEC
122940,CAPEC_ID,431062, hasCAPEC
123030,CAPEC_ID,431372, hasCAPEC
123114,CAPEC_ID,431384, hasCAPEC
123044,CAPEC_ID,431112, hasCAPEC
123044,CAPEC_ID,431152, hasCAPEC
122802,CAPEC_ID,431354, hasCAPEC
122930,CAPEC_ID,431414, hasCAPEC
123140,CAPEC_ID,431414, hasCAPEC
122820,CAPEC_ID,431414, hasCAPEC
122868,CAPEC_ID,431414, hasCAPEC
122989,CAPEC_ID,431414, hasCAPEC
122960,CAPEC_ID,431414, hasCAPEC
123060,CAPEC_ID,431414, hasCAPEC
122970,CAPEC_ID,431220, hasCAPEC
122821,CAPEC_ID,431082, hasCAPEC
122933,CAPEC_ID,431609, hasCAPEC
123030,CAPEC_ID,431452, hasCAPEC
123030,CAPEC_ID,431628, hasCAPEC
123006,CAPEC_ID,431296, hasCAPEC
123103,CAPEC_ID,431296, hasCAPEC
122778,CAPEC_ID,431296, hasCAPEC
122982,CAPEC_ID,431571, hasCAPEC
122990,CAPEC_ID,431426, hasCAPEC
122874,CAPEC_ID,431426, hasCAPEC
123141,CAPEC_ID,431370, hasCAPEC
123049,CAPEC_ID,431436, hasCAPEC
123118,CAPEC_ID,431436, hasCAPEC
123069,CAPEC_ID,431436, hasCAPEC
123071,CAPEC_ID,431436, hasCAPEC
122877,CAPEC_ID,431436, hasCAPEC
123139,CAPEC_ID,431436, hasCAPEC
123082,CAPEC_ID,431436, hasCAPEC
122924,CAPEC_ID,431170, hasCAPEC
123030,CAPEC_ID,431621, hasCAPEC
123094,CAPEC_ID,431424, hasCAPEC
122816,CAPEC_ID,431306, hasCAPEC
123074,CAPEC_ID,431108, hasCAPEC
123135,CAPEC_ID,431108, hasCAPEC
123038,CAPEC_ID,431108, hasCAPEC
122837,CAPEC_ID,431108, hasCAPEC
122950,CAPEC_ID,431108, hasCAPEC
122802,CAPEC_ID,431608, hasCAPEC
123057,CAPEC_ID,431282, hasCAPEC
123107,CAPEC_ID,431364, hasCAPEC
123049,CAPEC_ID,431053, hasCAPEC
123125,CAPEC_ID,431053, hasCAPEC
123005,CAPEC_ID,431053, hasCAPEC
123166,CAPEC_ID,431053, hasCAPEC
122881,CAPEC_ID,431053, hasCAPEC
122859,CAPEC_ID,431053, hasCAPEC
122878,CAPEC_ID,431053, hasCAPEC
123117,CAPEC_ID,431053, hasCAPEC
122984,CAPEC_ID,431053, hasCAPEC
122926,CAPEC_ID,431053, hasCAPEC
123157,CAPEC_ID,431053, hasCAPEC
122959,CAPEC_ID,431053, hasCAPEC
122886,CAPEC_ID,431053, hasCAPEC
122789,CAPEC_ID,431631, hasCAPEC
123133,CAPEC_ID,431045, hasCAPEC
122801,CAPEC_ID,431045, hasCAPEC
122940,CAPEC_ID,431045, hasCAPEC
123149,CAPEC_ID,431513, hasCAPEC
122818,CAPEC_ID,431239, hasCAPEC
122818,CAPEC_ID,431156, hasCAPEC
122818,CAPEC_ID,431470, hasCAPEC
122818,CAPEC_ID,431197, hasCAPEC
123056,CAPEC_ID,431114, hasCAPEC
122864,CAPEC_ID,431127, hasCAPEC
123047,CAPEC_ID,431127, hasCAPEC
123015,CAPEC_ID,431127, hasCAPEC
122974,CAPEC_ID,431632, hasCAPEC
123138,CAPEC_ID,431406, hasCAPEC
122844,CAPEC_ID,431130, hasCAPEC
122860,CAPEC_ID,431394, hasCAPEC
122961,CAPEC_ID,431274, hasCAPEC
123107,CAPEC_ID,431274, hasCAPEC
123092,CAPEC_ID,431483, hasCAPEC
122889,CAPEC_ID,431479, hasCAPEC
122782,CAPEC_ID,431479, hasCAPEC
122927,CAPEC_ID,431375, hasCAPEC
122879,CAPEC_ID,431375, hasCAPEC
122809,CAPEC_ID,431535, hasCAPEC
123024,CAPEC_ID,431623, hasCAPEC
122944,CAPEC_ID,431043, hasCAPEC
123171,CAPEC_ID,431258, hasCAPEC
122910,CAPEC_ID,431258, hasCAPEC
122860,CAPEC_ID,431258, hasCAPEC
123069,CAPEC_ID,431258, hasCAPEC
122816,CAPEC_ID,431235, hasCAPEC
122933,CAPEC_ID,431634, hasCAPEC
123135,CAPEC_ID,431563, hasCAPEC
122897,CAPEC_ID,431488, hasCAPEC
123044,CAPEC_ID,431488, hasCAPEC
122901,CAPEC_ID,431488, hasCAPEC
123095,CAPEC_ID,431488, hasCAPEC
123049,CAPEC_ID,431052, hasCAPEC
122933,CAPEC_ID,431580, hasCAPEC
122933,CAPEC_ID,431304, hasCAPEC
123028,CAPEC_ID,431538, hasCAPEC
122976,CAPEC_ID,431538, hasCAPEC
122940,CAPEC_ID,431538, hasCAPEC
122907,CAPEC_ID,431520, hasCAPEC
122889,CAPEC_ID,431520, hasCAPEC
122963,CAPEC_ID,431520, hasCAPEC
122970,CAPEC_ID,431520, hasCAPEC
122782,CAPEC_ID,431520, hasCAPEC
123055,CAPEC_ID,431520, hasCAPEC
122933,CAPEC_ID,431520, hasCAPEC
123096,CAPEC_ID,431520, hasCAPEC
123116,CAPEC_ID,431520, hasCAPEC
122799,CAPEC_ID,431499, hasCAPEC
122870,CAPEC_ID,431499, hasCAPEC
122792,CAPEC_ID,431499, hasCAPEC
122841,CAPEC_ID,431234, hasCAPEC
122824,CAPEC_ID,431234, hasCAPEC
123006,CAPEC_ID,431391, hasCAPEC
122972,CAPEC_ID,431297, hasCAPEC
122900,CAPEC_ID,431600, hasCAPEC
122998,CAPEC_ID,431515, hasCAPEC
122862,CAPEC_ID,431515, hasCAPEC
122907,CAPEC_ID,431562, hasCAPEC
123092,CAPEC_ID,431562, hasCAPEC
123069,CAPEC_ID,431562, hasCAPEC
122940,CAPEC_ID,431562, hasCAPEC
123141,CAPEC_ID,431562, hasCAPEC
122914,CAPEC_ID,431171, hasCAPEC
123170,CAPEC_ID,431144, hasCAPEC
122789,CAPEC_ID,431397, hasCAPEC
123141,CAPEC_ID,431651, hasCAPEC
122850,CAPEC_ID,431284, hasCAPEC
122902,CAPEC_ID,431284, hasCAPEC
123109,CAPEC_ID,431119, hasCAPEC
122816,CAPEC_ID,431403, hasCAPEC
122927,CAPEC_ID,431650, hasCAPEC
122940,CAPEC_ID,431169, hasCAPEC
123065,CAPEC_ID,431066, hasCAPEC
122828,CAPEC_ID,431066, hasCAPEC
122927,CAPEC_ID,431066, hasCAPEC
122940,CAPEC_ID,431066, hasCAPEC
123065,CAPEC_ID,431547, hasCAPEC
122828,CAPEC_ID,431547, hasCAPEC
122927,CAPEC_ID,431547, hasCAPEC
122940,CAPEC_ID,431547, hasCAPEC
122938,CAPEC_ID,431307, hasCAPEC
123005,CAPEC_ID,431307, hasCAPEC
122858,CAPEC_ID,431307, hasCAPEC
123049,CAPEC_ID,431167, hasCAPEC
122937,CAPEC_ID,431167, hasCAPEC
123069,CAPEC_ID,431546, hasCAPEC
123144,CAPEC_ID,431624, hasCAPEC
122822,CAPEC_ID,431624, hasCAPEC
122904,CAPEC_ID,431624, hasCAPEC
123018,CAPEC_ID,431624, hasCAPEC
122940,CAPEC_ID,431624, hasCAPEC
122801,CAPEC_ID,431624, hasCAPEC
122839,CAPEC_ID,431624, hasCAPEC
122871,CAPEC_ID,431624, hasCAPEC
122967,CAPEC_ID,431450, hasCAPEC
122943,CAPEC_ID,431646, hasCAPEC
122780,CAPEC_ID,431319, hasCAPEC
122780,CAPEC_ID,431165, hasCAPEC
122946,CAPEC_ID,431125, hasCAPEC
123153,CAPEC_ID,431076, hasCAPEC
123149,CAPEC_ID,431565, hasCAPEC
123012,CAPEC_ID,431498, hasCAPEC
122834,CAPEC_ID,431498, hasCAPEC
122957,CAPEC_ID,431498, hasCAPEC
122847,CAPEC_ID,431498, hasCAPEC
123119,CAPEC_ID,431498, hasCAPEC
123105,CAPEC_ID,431498, hasCAPEC
122928,CAPEC_ID,431151, hasCAPEC
122904,CAPEC_ID,431151, hasCAPEC
123021,CAPEC_ID,431151, hasCAPEC
122940,CAPEC_ID,431151, hasCAPEC
122816,CAPEC_ID,431626, hasCAPEC
122816,CAPEC_ID,431231, hasCAPEC
122816,CAPEC_ID,431051, hasCAPEC
123143,CAPEC_ID,431063, hasCAPEC
123012,CAPEC_ID,431280, hasCAPEC
122903,CAPEC_ID,431280, hasCAPEC
122988,CAPEC_ID,431280, hasCAPEC
122787,CAPEC_ID,431280, hasCAPEC
122796,CAPEC_ID,431280, hasCAPEC
122896,CAPEC_ID,431280, hasCAPEC
122819,CAPEC_ID,431280, hasCAPEC
122781,CAPEC_ID,431280, hasCAPEC
123098,CAPEC_ID,431280, hasCAPEC
122785,CAPEC_ID,431280, hasCAPEC
123105,CAPEC_ID,431280, hasCAPEC
123061,CAPEC_ID,431280, hasCAPEC
122940,CAPEC_ID,431607, hasCAPEC
122816,CAPEC_ID,431541, hasCAPEC
122800,CAPEC_ID,431287, hasCAPEC
123147,CAPEC_ID,431287, hasCAPEC
122912,CAPEC_ID,431287, hasCAPEC
122904,CAPEC_ID,431287, hasCAPEC
122798,CAPEC_ID,431287, hasCAPEC
123059,CAPEC_ID,431287, hasCAPEC
122801,CAPEC_ID,431287, hasCAPEC
122940,CAPEC_ID,431287, hasCAPEC
123080,CAPEC_ID,431287, hasCAPEC
122985,CAPEC_ID,431150, hasCAPEC
123012,CAPEC_ID,431611, hasCAPEC
122854,CAPEC_ID,431611, hasCAPEC
123099,CAPEC_ID,431611, hasCAPEC
122819,CAPEC_ID,431611, hasCAPEC
123105,CAPEC_ID,431611, hasCAPEC
123135,CAPEC_ID,431154, hasCAPEC
123135,CAPEC_ID,431566, hasCAPEC
122904,CAPEC_ID,431321, hasCAPEC
122794,CAPEC_ID,431321, hasCAPEC
122986,CAPEC_ID,431321, hasCAPEC
122820,CAPEC_ID,431219, hasCAPEC
123116,CAPEC_ID,431219, hasCAPEC
122835,CAPEC_ID,431508, hasCAPEC
123021,CAPEC_ID,431196, hasCAPEC
123021,CAPEC_ID,431252, hasCAPEC
123021,CAPEC_ID,431597, hasCAPEC
123021,CAPEC_ID,431077, hasCAPEC
122904,CAPEC_ID,431253, hasCAPEC
122940,CAPEC_ID,431253, hasCAPEC
123141,CAPEC_ID,431084, hasCAPEC
123141,CAPEC_ID,431342, hasCAPEC
123012,CAPEC_ID,431539, hasCAPEC
122903,CAPEC_ID,431539, hasCAPEC
123073,CAPEC_ID,431539, hasCAPEC
123099,CAPEC_ID,431539, hasCAPEC
122896,CAPEC_ID,431539, hasCAPEC
122869,CAPEC_ID,431539, hasCAPEC
123098,CAPEC_ID,431539, hasCAPEC
122785,CAPEC_ID,431539, hasCAPEC
123061,CAPEC_ID,431539, hasCAPEC
123141,CAPEC_ID,431368, hasCAPEC
123141,CAPEC_ID,431487, hasCAPEC
123141,CAPEC_ID,431635, hasCAPEC
123141,CAPEC_ID,431339, hasCAPEC
123141,CAPEC_ID,431399, hasCAPEC
123141,CAPEC_ID,431598, hasCAPEC
123141,CAPEC_ID,431294, hasCAPEC
123141,CAPEC_ID,431495, hasCAPEC
123141,CAPEC_ID,431334, hasCAPEC
123141,CAPEC_ID,431445, hasCAPEC
122800,CAPEC_ID,431067, hasCAPEC
123165,CAPEC_ID,431067, hasCAPEC
123147,CAPEC_ID,431067, hasCAPEC
122912,CAPEC_ID,431067, hasCAPEC
122904,CAPEC_ID,431067, hasCAPEC
122798,CAPEC_ID,431067, hasCAPEC
123133,CAPEC_ID,431067, hasCAPEC
123021,CAPEC_ID,431067, hasCAPEC
122801,CAPEC_ID,431067, hasCAPEC
122940,CAPEC_ID,431067, hasCAPEC
123075,CAPEC_ID,431067, hasCAPEC
123083,CAPEC_ID,431067, hasCAPEC
123071,CAPEC_ID,431476, hasCAPEC
123141,CAPEC_ID,431059, hasCAPEC
123141,CAPEC_ID,431443, hasCAPEC
123141,CAPEC_ID,431484, hasCAPEC
123141,CAPEC_ID,431201, hasCAPEC
123141,CAPEC_ID,431202, hasCAPEC
123141,CAPEC_ID,431351, hasCAPEC
123141,CAPEC_ID,431477, hasCAPEC
123141,CAPEC_ID,431496, hasCAPEC
123141,CAPEC_ID,431509, hasCAPEC
123141,CAPEC_ID,431157, hasCAPEC
123043,CAPEC_ID,431519, hasCAPEC
123044,CAPEC_ID,431519, hasCAPEC
122850,CAPEC_ID,431519, hasCAPEC
122782,CAPEC_ID,431519, hasCAPEC
123055,CAPEC_ID,431519, hasCAPEC
122902,CAPEC_ID,431519, hasCAPEC
122983,CAPEC_ID,431519, hasCAPEC
122933,CAPEC_ID,431519, hasCAPEC
122940,CAPEC_ID,431519, hasCAPEC
122963,CAPEC_ID,431519, hasCAPEC
123116,CAPEC_ID,431519, hasCAPEC
123141,CAPEC_ID,431457, hasCAPEC
123141,CAPEC_ID,431543, hasCAPEC
123141,CAPEC_ID,431288, hasCAPEC
123141,CAPEC_ID,431316, hasCAPEC
123141,CAPEC_ID,431444, hasCAPEC
123141,CAPEC_ID,431544, hasCAPEC
123107,CAPEC_ID,431038, hasCAPEC
123141,CAPEC_ID,431272, hasCAPEC
123141,CAPEC_ID,431540, hasCAPEC
123141,CAPEC_ID,431300, hasCAPEC
123141,CAPEC_ID,431446, hasCAPEC
123141,CAPEC_ID,431264, hasCAPEC
123141,CAPEC_ID,431042, hasCAPEC
123141,CAPEC_ID,431652, hasCAPEC
123141,CAPEC_ID,431481, hasCAPEC
123141,CAPEC_ID,431419, hasCAPEC
123141,CAPEC_ID,431627, hasCAPEC
122986,CAPEC_ID,431177, hasCAPEC
123141,CAPEC_ID,431210, hasCAPEC
122827,CAPEC_ID,431489, hasCAPEC
122827,CAPEC_ID,431430, hasCAPEC
122983,CAPEC_ID,431118, hasCAPEC
122904,CAPEC_ID,431118, hasCAPEC
122794,CAPEC_ID,431118, hasCAPEC
123154,CAPEC_ID,431118, hasCAPEC
123118,CAPEC_ID,431641, hasCAPEC
123146,CAPEC_ID,431641, hasCAPEC
122943,CAPEC_ID,431641, hasCAPEC
123071,CAPEC_ID,431641, hasCAPEC
122877,CAPEC_ID,431641, hasCAPEC
122966,CAPEC_ID,431641, hasCAPEC
123082,CAPEC_ID,431641, hasCAPEC
122915,CAPEC_ID,431641, hasCAPEC
123006,CAPEC_ID,431285, hasCAPEC
122813,CAPEC_ID,431285, hasCAPEC
123069,CAPEC_ID,431285, hasCAPEC
122792,CAPEC_ID,431285, hasCAPEC
123112,CAPEC_ID,431376, hasCAPEC
123043,CAPEC_ID,431376, hasCAPEC
123044,CAPEC_ID,431376, hasCAPEC
122922,CAPEC_ID,431376, hasCAPEC
122897,CAPEC_ID,431376, hasCAPEC
123022,CAPEC_ID,431376, hasCAPEC
122965,CAPEC_ID,431376, hasCAPEC
122917,CAPEC_ID,431376, hasCAPEC
122994,CAPEC_ID,431376, hasCAPEC
123056,CAPEC_ID,431376, hasCAPEC
122779,CAPEC_ID,431376, hasCAPEC
122920,CAPEC_ID,431376, hasCAPEC
123087,CAPEC_ID,431376, hasCAPEC
123095,CAPEC_ID,431376, hasCAPEC
123025,CAPEC_ID,431145, hasCAPEC
122918,CAPEC_ID,431145, hasCAPEC
122831,CAPEC_ID,431146, hasCAPEC
123044,CAPEC_ID,431146, hasCAPEC
122933,CAPEC_ID,431146, hasCAPEC
123137,CAPEC_ID,431146, hasCAPEC
123044,CAPEC_ID,431158, hasCAPEC
122970,CAPEC_ID,431158, hasCAPEC
122900,CAPEC_ID,431158, hasCAPEC
122987,CAPEC_ID,431158, hasCAPEC
122933,CAPEC_ID,431158, hasCAPEC
123044,CAPEC_ID,431560, hasCAPEC
122970,CAPEC_ID,431560, hasCAPEC
122900,CAPEC_ID,431560, hasCAPEC
122987,CAPEC_ID,431560, hasCAPEC
122933,CAPEC_ID,431560, hasCAPEC
123044,CAPEC_ID,431416, hasCAPEC
122970,CAPEC_ID,431416, hasCAPEC
122900,CAPEC_ID,431416, hasCAPEC
122987,CAPEC_ID,431416, hasCAPEC
122933,CAPEC_ID,431416, hasCAPEC
123044,CAPEC_ID,431449, hasCAPEC
122970,CAPEC_ID,431449, hasCAPEC
122900,CAPEC_ID,431449, hasCAPEC
122987,CAPEC_ID,431449, hasCAPEC
122933,CAPEC_ID,431449, hasCAPEC
123044,CAPEC_ID,431373, hasCAPEC
122970,CAPEC_ID,431373, hasCAPEC
122900,CAPEC_ID,431373, hasCAPEC
122987,CAPEC_ID,431373, hasCAPEC
122933,CAPEC_ID,431373, hasCAPEC
122829,CAPEC_ID,431121, hasCAPEC
123043,CAPEC_ID,431345, hasCAPEC
122995,CAPEC_ID,431345, hasCAPEC
122850,CAPEC_ID,431345, hasCAPEC
122782,CAPEC_ID,431345, hasCAPEC
122829,CAPEC_ID,431345, hasCAPEC
122902,CAPEC_ID,431345, hasCAPEC
123139,CAPEC_ID,431345, hasCAPEC
122963,CAPEC_ID,431345, hasCAPEC
123116,CAPEC_ID,431345, hasCAPEC
122880,CAPEC_ID,431637, hasCAPEC
122798,CAPEC_ID,431637, hasCAPEC
123149,CAPEC_ID,431510, hasCAPEC
123101,CAPEC_ID,431039, hasCAPEC
123139,CAPEC_ID,431482, hasCAPEC
122931,CAPEC_ID,431431, hasCAPEC
122801,CAPEC_ID,431431, hasCAPEC
123094,CAPEC_ID,431431, hasCAPEC
122822,CAPEC_ID,431162, hasCAPEC
122839,CAPEC_ID,431162, hasCAPEC
122904,CAPEC_ID,431162, hasCAPEC
122940,CAPEC_ID,431162, hasCAPEC
123165,CAPEC_ID,431645, hasCAPEC
123147,CAPEC_ID,431645, hasCAPEC
123149,CAPEC_ID,431645, hasCAPEC
123122,CAPEC_ID,431645, hasCAPEC
122904,CAPEC_ID,431645, hasCAPEC
123133,CAPEC_ID,431645, hasCAPEC
123021,CAPEC_ID,431645, hasCAPEC
122801,CAPEC_ID,431645, hasCAPEC
122940,CAPEC_ID,431645, hasCAPEC
123083,CAPEC_ID,431645, hasCAPEC
123072,CAPEC_ID,431409, hasCAPEC
122822,CAPEC_ID,431102, hasCAPEC
122839,CAPEC_ID,431102, hasCAPEC
122801,CAPEC_ID,431102, hasCAPEC
122974,CAPEC_ID,431393, hasCAPEC
122838,CAPEC_ID,431616, hasCAPEC
122838,CAPEC_ID,431636, hasCAPEC
123144,CAPEC_ID,431432, hasCAPEC
122822,CAPEC_ID,431432, hasCAPEC
122904,CAPEC_ID,431432, hasCAPEC
122801,CAPEC_ID,431432, hasCAPEC
122940,CAPEC_ID,431432, hasCAPEC
123139,CAPEC_ID,431432, hasCAPEC
122839,CAPEC_ID,431432, hasCAPEC
122871,CAPEC_ID,431432, hasCAPEC
123116,CAPEC_ID,431432, hasCAPEC
122856,CAPEC_ID,431524, hasCAPEC
123161,CAPEC_ID,431524, hasCAPEC
123009,CAPEC_ID,431524, hasCAPEC
122848,CAPEC_ID,431524, hasCAPEC
122975,CAPEC_ID,431524, hasCAPEC
122825,CAPEC_ID,431270, hasCAPEC
122952,CAPEC_ID,431232, hasCAPEC
122910,CAPEC_ID,431614, hasCAPEC
122907,CAPEC_ID,431614, hasCAPEC
123088,CAPEC_ID,431614, hasCAPEC
123144,CAPEC_ID,431318, hasCAPEC
122822,CAPEC_ID,431318, hasCAPEC
122904,CAPEC_ID,431318, hasCAPEC
123018,CAPEC_ID,431318, hasCAPEC
122940,CAPEC_ID,431318, hasCAPEC
122801,CAPEC_ID,431318, hasCAPEC
122839,CAPEC_ID,431318, hasCAPEC
122871,CAPEC_ID,431318, hasCAPEC
122840,CAPEC_ID,431474, hasCAPEC
122846,CAPEC_ID,431474, hasCAPEC
123094,CAPEC_ID,431474, hasCAPEC
122907,CAPEC_ID,431441, hasCAPEC
123077,CAPEC_ID,431441, hasCAPEC
123048,CAPEC_ID,431633, hasCAPEC
123142,CAPEC_ID,431633, hasCAPEC
123106,CAPEC_ID,431633, hasCAPEC
122883,CAPEC_ID,431068, hasCAPEC
123066,CAPEC_ID,431068, hasCAPEC
122958,CAPEC_ID,431068, hasCAPEC
122824,CAPEC_ID,431068, hasCAPEC
122991,CAPEC_ID,431068, hasCAPEC
122939,CAPEC_ID,431068, hasCAPEC
123111,CAPEC_ID,431362, hasCAPEC
122998,CAPEC_ID,431227, hasCAPEC
122791,CAPEC_ID,431245, hasCAPEC
123048,CAPEC_ID,431579, hasCAPEC
123111,CAPEC_ID,431579, hasCAPEC
123011,CAPEC_ID,431138, hasCAPEC
123021,CAPEC_ID,431138, hasCAPEC
123046,CAPEC_ID,431138, hasCAPEC
122811,CAPEC_ID,431138, hasCAPEC
123036,CAPEC_ID,431090, hasCAPEC
122927,CAPEC_ID,431090, hasCAPEC
123042,CAPEC_ID,431638, hasCAPEC
123144,CAPEC_ID,431638, hasCAPEC
122826,CAPEC_ID,431638, hasCAPEC
122822,CAPEC_ID,431638, hasCAPEC
122904,CAPEC_ID,431638, hasCAPEC
122801,CAPEC_ID,431638, hasCAPEC
122940,CAPEC_ID,431638, hasCAPEC
122839,CAPEC_ID,431638, hasCAPEC
122871,CAPEC_ID,431638, hasCAPEC
122913,CAPEC_ID,431047, hasCAPEC
122945,CAPEC_ID,431047, hasCAPEC
123025,CAPEC_ID,431559, hasCAPEC
123141,CAPEC_ID,431408, hasCAPEC
122910,CAPEC_ID,431179, hasCAPEC
122907,CAPEC_ID,431179, hasCAPEC
122940,CAPEC_ID,431179, hasCAPEC
122899,CAPEC_ID,431041, hasCAPEC
122883,CAPEC_ID,431178, hasCAPEC
122910,CAPEC_ID,431178, hasCAPEC
123088,CAPEC_ID,431178, hasCAPEC
122907,CAPEC_ID,431392, hasCAPEC
123044,CAPEC_ID,431159, hasCAPEC
123069,CAPEC_ID,431159, hasCAPEC
123137,CAPEC_ID,431159, hasCAPEC
122974,CAPEC_ID,431329, hasCAPEC
122974,CAPEC_ID,431456, hasCAPEC
123121,CAPEC_ID,431589, hasCAPEC
122802,CAPEC_ID,431589, hasCAPEC
123069,CAPEC_ID,431211, hasCAPEC
122821,CAPEC_ID,431312, hasCAPEC
122927,CAPEC_ID,431511, hasCAPEC
122853,CAPEC_ID,431266, hasCAPEC
122927,CAPEC_ID,431269, hasCAPEC
122927,CAPEC_ID,431163, hasCAPEC
122927,CAPEC_ID,431367, hasCAPEC
122927,CAPEC_ID,431361, hasCAPEC
122930,CAPEC_ID,431214, hasCAPEC
123140,CAPEC_ID,431214, hasCAPEC
122820,CAPEC_ID,431214, hasCAPEC
122868,CAPEC_ID,431214, hasCAPEC
122989,CAPEC_ID,431214, hasCAPEC
122960,CAPEC_ID,431214, hasCAPEC
122885,CAPEC_ID,431214, hasCAPEC
123060,CAPEC_ID,431214, hasCAPEC
122927,CAPEC_ID,431382, hasCAPEC
122927,CAPEC_ID,431542, hasCAPEC
122863,CAPEC_ID,431087, hasCAPEC
123109,CAPEC_ID,431087, hasCAPEC
122927,CAPEC_ID,431454, hasCAPEC
122927,CAPEC_ID,431302, hasCAPEC
122980,CAPEC_ID,431302, hasCAPEC
122927,CAPEC_ID,431083, hasCAPEC
122980,CAPEC_ID,431083, hasCAPEC
122927,CAPEC_ID,431622, hasCAPEC
122980,CAPEC_ID,431622, hasCAPEC
123141,CAPEC_ID,431604, hasCAPEC
123111,CAPEC_ID,431365, hasCAPEC
123131,CAPEC_ID,431594, hasCAPEC
123139,CAPEC_ID,431249, hasCAPEC
122788,CAPEC_ID,431333, hasCAPEC
122899,CAPEC_ID,431333, hasCAPEC
123037,CAPEC_ID,431182, hasCAPEC
123063,CAPEC_ID,431182, hasCAPEC
122821,CAPEC_ID,431465, hasCAPEC
122974,CAPEC_ID,431129, hasCAPEC
122974,CAPEC_ID,431096, hasCAPEC
122789,CAPEC_ID,431461, hasCAPEC
122789,CAPEC_ID,431246, hasCAPEC
123141,CAPEC_ID,431324, hasCAPEC
123111,CAPEC_ID,431324, hasCAPEC
122930,CAPEC_ID,431468, hasCAPEC
122899,CAPEC_ID,431468, hasCAPEC
123140,CAPEC_ID,431468, hasCAPEC
123031,CAPEC_ID,431468, hasCAPEC
122868,CAPEC_ID,431468, hasCAPEC
122989,CAPEC_ID,431468, hasCAPEC
123060,CAPEC_ID,431468, hasCAPEC
123069,CAPEC_ID,431281, hasCAPEC
122904,CAPEC_ID,431281, hasCAPEC
123139,CAPEC_ID,431281, hasCAPEC
122970,CAPEC_ID,431602, hasCAPEC
122800,CAPEC_ID,431275, hasCAPEC
122904,CAPEC_ID,431275, hasCAPEC
122798,CAPEC_ID,431275, hasCAPEC
123123,CAPEC_ID,431275, hasCAPEC
123021,CAPEC_ID,431275, hasCAPEC
122801,CAPEC_ID,431275, hasCAPEC
122940,CAPEC_ID,431275, hasCAPEC
122927,CAPEC_ID,431381, hasCAPEC
122800,CAPEC_ID,431561, hasCAPEC
122904,CAPEC_ID,431561, hasCAPEC
122798,CAPEC_ID,431561, hasCAPEC
123123,CAPEC_ID,431561, hasCAPEC
123021,CAPEC_ID,431561, hasCAPEC
122801,CAPEC_ID,431561, hasCAPEC
122940,CAPEC_ID,431561, hasCAPEC
122818,CAPEC_ID,431217, hasCAPEC
122974,CAPEC_ID,431132, hasCAPEC
122818,CAPEC_ID,431447, hasCAPEC
122816,CAPEC_ID,431447, hasCAPEC
122824,CAPEC_ID,431123, hasCAPEC
123085,CAPEC_ID,431418, hasCAPEC
123142,CAPEC_ID,431095, hasCAPEC
122827,CAPEC_ID,431095, hasCAPEC
123039,CAPEC_ID,431095, hasCAPEC
123095,CAPEC_ID,431536, hasCAPEC
122982,CAPEC_ID,431536, hasCAPEC
123022,CAPEC_ID,431536, hasCAPEC
123180,CAPEC_ID,431536, hasCAPEC
123056,CAPEC_ID,431536, hasCAPEC
122779,CAPEC_ID,431536, hasCAPEC
123087,CAPEC_ID,431536, hasCAPEC
122897,CAPEC_ID,431536, hasCAPEC
122779,CAPEC_ID,431591, hasCAPEC
123087,CAPEC_ID,431591, hasCAPEC
122974,CAPEC_ID,431591, hasCAPEC
122816,CAPEC_ID,431181, hasCAPEC
122930,CAPEC_ID,431472, hasCAPEC
123140,CAPEC_ID,431472, hasCAPEC
122820,CAPEC_ID,431472, hasCAPEC
123102,CAPEC_ID,431472, hasCAPEC
122868,CAPEC_ID,431472, hasCAPEC
122989,CAPEC_ID,431472, hasCAPEC
123060,CAPEC_ID,431472, hasCAPEC
123070,CAPEC_ID,431472, hasCAPEC
122974,CAPEC_ID,431422, hasCAPEC
122974,CAPEC_ID,431218, hasCAPEC
122899,CAPEC_ID,431218, hasCAPEC
122974,CAPEC_ID,431572, hasCAPEC
122947,CAPEC_ID,431649, hasCAPEC
122825,CAPEC_ID,431649, hasCAPEC
122930,CAPEC_ID,431273, hasCAPEC
122899,CAPEC_ID,431273, hasCAPEC
123140,CAPEC_ID,431273, hasCAPEC
123031,CAPEC_ID,431273, hasCAPEC
122868,CAPEC_ID,431273, hasCAPEC
122989,CAPEC_ID,431273, hasCAPEC
123060,CAPEC_ID,431273, hasCAPEC
122974,CAPEC_ID,431056, hasCAPEC
122974,CAPEC_ID,431595, hasCAPEC
122930,CAPEC_ID,431060, hasCAPEC
123140,CAPEC_ID,431060, hasCAPEC
122868,CAPEC_ID,431060, hasCAPEC
123058,CAPEC_ID,431060, hasCAPEC
122820,CAPEC_ID,431060, hasCAPEC
122899,CAPEC_ID,431060, hasCAPEC
122989,CAPEC_ID,431060, hasCAPEC
122960,CAPEC_ID,431060, hasCAPEC
122930,CAPEC_ID,431473, hasCAPEC
122899,CAPEC_ID,431473, hasCAPEC
123140,CAPEC_ID,431473, hasCAPEC
123031,CAPEC_ID,431473, hasCAPEC
122868,CAPEC_ID,431473, hasCAPEC
122989,CAPEC_ID,431473, hasCAPEC
123060,CAPEC_ID,431473, hasCAPEC
122974,CAPEC_ID,431257, hasCAPEC
122974,CAPEC_ID,431464, hasCAPEC
122974,CAPEC_ID,431606, hasCAPEC
122930,CAPEC_ID,431243, hasCAPEC
123140,CAPEC_ID,431243, hasCAPEC
122820,CAPEC_ID,431243, hasCAPEC
122868,CAPEC_ID,431243, hasCAPEC
122989,CAPEC_ID,431243, hasCAPEC
122960,CAPEC_ID,431243, hasCAPEC
123060,CAPEC_ID,431243, hasCAPEC
123069,CAPEC_ID,431548, hasCAPEC
123092,CAPEC_ID,431548, hasCAPEC
122791,CAPEC_ID,431548, hasCAPEC
123141,CAPEC_ID,431593, hasCAPEC
123141,CAPEC_ID,431261, hasCAPEC
123141,CAPEC_ID,431421, hasCAPEC
123141,CAPEC_ID,431097, hasCAPEC
123141,CAPEC_ID,431385, hasCAPEC
122974,CAPEC_ID,431466, hasCAPEC
123135,CAPEC_ID,431305, hasCAPEC
122858,CAPEC_ID,431564, hasCAPEC
122932,CAPEC_ID,431564, hasCAPEC
123142,CAPEC_ID,431189, hasCAPEC
122827,CAPEC_ID,431189, hasCAPEC
123039,CAPEC_ID,431189, hasCAPEC
122866,CAPEC_ID,431216, hasCAPEC
122789,CAPEC_ID,431136, hasCAPEC
122976,CAPEC_ID,431575, hasCAPEC
122780,CAPEC_ID,431575, hasCAPEC
122940,CAPEC_ID,431575, hasCAPEC
122791,CAPEC_ID,431493, hasCAPEC
122907,CAPEC_ID,431383, hasCAPEC
122970,CAPEC_ID,431383, hasCAPEC
122993,CAPEC_ID,431383, hasCAPEC
122853,CAPEC_ID,431383, hasCAPEC
123096,CAPEC_ID,431383, hasCAPEC
122782,CAPEC_ID,431383, hasCAPEC
123069,CAPEC_ID,431383, hasCAPEC
123139,CAPEC_ID,431383, hasCAPEC
122833,CAPEC_ID,431383, hasCAPEC
122963,CAPEC_ID,431383, hasCAPEC
123141,CAPEC_ID,431383, hasCAPEC
122791,CAPEC_ID,431117, hasCAPEC
122976,CAPEC_ID,431055, hasCAPEC
122976,CAPEC_ID,431074, hasCAPEC
123092,CAPEC_ID,431310, hasCAPEC
123037,CAPEC_ID,431467, hasCAPEC
123037,CAPEC_ID,431523, hasCAPEC
123037,CAPEC_ID,431374, hasCAPEC
122865,CAPEC_ID,431106, hasCAPEC
122810,CAPEC_ID,431425, hasCAPEC
123122,CAPEC_ID,431425, hasCAPEC
122942,CAPEC_ID,431425, hasCAPEC
122904,CAPEC_ID,431425, hasCAPEC
123133,CAPEC_ID,431425, hasCAPEC
122801,CAPEC_ID,431425, hasCAPEC
123049,CAPEC_ID,431478, hasCAPEC
122907,CAPEC_ID,431478, hasCAPEC
122889,CAPEC_ID,431478, hasCAPEC
122970,CAPEC_ID,431478, hasCAPEC
122782,CAPEC_ID,431478, hasCAPEC
123031,CAPEC_ID,431478, hasCAPEC
123139,CAPEC_ID,431478, hasCAPEC
122833,CAPEC_ID,431478, hasCAPEC
122963,CAPEC_ID,431478, hasCAPEC
123141,CAPEC_ID,431478, hasCAPEC
122930,CAPEC_ID,431172, hasCAPEC
123140,CAPEC_ID,431172, hasCAPEC
122868,CAPEC_ID,431172, hasCAPEC
122820,CAPEC_ID,431172, hasCAPEC
122899,CAPEC_ID,431172, hasCAPEC
122989,CAPEC_ID,431172, hasCAPEC
122960,CAPEC_ID,431172, hasCAPEC
122914,CAPEC_ID,431526, hasCAPEC
122910,CAPEC_ID,431238, hasCAPEC
123044,CAPEC_ID,431265, hasCAPEC
123049,CAPEC_ID,431161, hasCAPEC
122889,CAPEC_ID,431161, hasCAPEC
122782,CAPEC_ID,431161, hasCAPEC
122972,CAPEC_ID,431620, hasCAPEC
122791,CAPEC_ID,431620, hasCAPEC
122972,CAPEC_ID,431092, hasCAPEC
122791,CAPEC_ID,431092, hasCAPEC
122910,CAPEC_ID,431109, hasCAPEC
122791,CAPEC_ID,431241, hasCAPEC
123141,CAPEC_ID,431168, hasCAPEC
122972,CAPEC_ID,431048, hasCAPEC
122972,CAPEC_ID,431552, hasCAPEC
123049,CAPEC_ID,431160, hasCAPEC
122889,CAPEC_ID,431160, hasCAPEC
123006,CAPEC_ID,431160, hasCAPEC
122784,CAPEC_ID,431160, hasCAPEC
123048,CAPEC_ID,431160, hasCAPEC
122914,CAPEC_ID,431486, hasCAPEC
122972,CAPEC_ID,431322, hasCAPEC
122972,CAPEC_ID,431293, hasCAPEC
122972,CAPEC_ID,431326, hasCAPEC
122964,CAPEC_ID,431412, hasCAPEC
123097,CAPEC_ID,431412, hasCAPEC
123062,CAPEC_ID,431412, hasCAPEC
123035,CAPEC_ID,431412, hasCAPEC
122935,CAPEC_ID,431412, hasCAPEC
122905,CAPEC_ID,431412, hasCAPEC
122921,CAPEC_ID,431412, hasCAPEC
122971,CAPEC_ID,431412, hasCAPEC
122964,CAPEC_ID,431423, hasCAPEC
123097,CAPEC_ID,431423, hasCAPEC
123062,CAPEC_ID,431423, hasCAPEC
123035,CAPEC_ID,431423, hasCAPEC
122935,CAPEC_ID,431423, hasCAPEC
122905,CAPEC_ID,431423, hasCAPEC
122921,CAPEC_ID,431423, hasCAPEC
122971,CAPEC_ID,431423, hasCAPEC
122976,CAPEC_ID,431358, hasCAPEC
122940,CAPEC_ID,431358, hasCAPEC
123163,CAPEC_ID,431194, hasCAPEC
122890,CAPEC_ID,431073, hasCAPEC
123092,CAPEC_ID,431073, hasCAPEC
122932,CAPEC_ID,431207, hasCAPEC
123067,CAPEC_ID,431164, hasCAPEC
122838,CAPEC_ID,431516, hasCAPEC
122932,CAPEC_ID,431289, hasCAPEC
123158,CAPEC_ID,431557, hasCAPEC
122800,CAPEC_ID,431198, hasCAPEC
122941,CAPEC_ID,431198, hasCAPEC
122904,CAPEC_ID,431198, hasCAPEC
123046,CAPEC_ID,431198, hasCAPEC
122798,CAPEC_ID,431198, hasCAPEC
123059,CAPEC_ID,431198, hasCAPEC
123021,CAPEC_ID,431198, hasCAPEC
122801,CAPEC_ID,431198, hasCAPEC
122940,CAPEC_ID,431198, hasCAPEC
123129,CAPEC_ID,431263, hasCAPEC
122816,CAPEC_ID,431263, hasCAPEC
122802,CAPEC_ID,431301, hasCAPEC
123049,CAPEC_ID,431278, hasCAPEC
123141,CAPEC_ID,431537, hasCAPEC
122932,CAPEC_ID,431537, hasCAPEC
123052,CAPEC_ID,431440, hasCAPEC
122989,CAPEC_ID,431440, hasCAPEC
123031,CAPEC_ID,431440, hasCAPEC
122899,CAPEC_ID,431440, hasCAPEC
122989,CAPEC_ID,431573, hasCAPEC
123031,CAPEC_ID,431573, hasCAPEC
122899,CAPEC_ID,431573, hasCAPEC
123141,CAPEC_ID,431355, hasCAPEC
123139,CAPEC_ID,431553, hasCAPEC
122932,CAPEC_ID,431568, hasCAPEC
122951,CAPEC_ID,431328, hasCAPEC
122922,CAPEC_ID,431402, hasCAPEC
123069,CAPEC_ID,431402, hasCAPEC
123044,CAPEC_ID,431402, hasCAPEC
123137,CAPEC_ID,431402, hasCAPEC
123000,CAPEC_ID,431131, hasCAPEC
123092,CAPEC_ID,431131, hasCAPEC
123141,CAPEC_ID,431439, hasCAPEC
122930,CAPEC_ID,431639, hasCAPEC
123140,CAPEC_ID,431639, hasCAPEC
122868,CAPEC_ID,431639, hasCAPEC
122820,CAPEC_ID,431639, hasCAPEC
123031,CAPEC_ID,431639, hasCAPEC
122899,CAPEC_ID,431639, hasCAPEC
123052,CAPEC_ID,431639, hasCAPEC
122989,CAPEC_ID,431639, hasCAPEC
122960,CAPEC_ID,431639, hasCAPEC
122930,CAPEC_ID,431480, hasCAPEC
123140,CAPEC_ID,431480, hasCAPEC
122868,CAPEC_ID,431480, hasCAPEC
122820,CAPEC_ID,431480, hasCAPEC
122899,CAPEC_ID,431480, hasCAPEC
122989,CAPEC_ID,431480, hasCAPEC
122960,CAPEC_ID,431480, hasCAPEC
122789,CAPEC_ID,431110, hasCAPEC
122818,CAPEC_ID,431317, hasCAPEC
122945,CAPEC_ID,431190, hasCAPEC
122955,CAPEC_ID,431190, hasCAPEC
122816,CAPEC_ID,431398, hasCAPEC
122956,CAPEC_ID,431323, hasCAPEC
122818,CAPEC_ID,431413, hasCAPEC
122791,CAPEC_ID,431413, hasCAPEC
122815,CAPEC_ID,431061, hasCAPEC
122938,CAPEC_ID,431061, hasCAPEC
122807,CAPEC_ID,431061, hasCAPEC
123019,CAPEC_ID,431576, hasCAPEC
122940,CAPEC_ID,431576, hasCAPEC
122969,CAPEC_ID,431078, hasCAPEC
122829,CAPEC_ID,431078, hasCAPEC
122900,CAPEC_ID,431078, hasCAPEC
123054,CAPEC_ID,431078, hasCAPEC
123156,CAPEC_ID,431078, hasCAPEC
122980,CAPEC_ID,431378, hasCAPEC
122907,CAPEC_ID,431262, hasCAPEC
123136,CAPEC_ID,431271, hasCAPEC
123069,CAPEC_ID,431271, hasCAPEC
123139,CAPEC_ID,431271, hasCAPEC
122822,CAPEC_ID,431221, hasCAPEC
122904,CAPEC_ID,431221, hasCAPEC
123033,CAPEC_ID,431221, hasCAPEC
122801,CAPEC_ID,431221, hasCAPEC
122940,CAPEC_ID,431221, hasCAPEC
122871,CAPEC_ID,431221, hasCAPEC
123087,CAPEC_ID,431344, hasCAPEC
122992,CAPEC_ID,431596, hasCAPEC
122955,CAPEC_ID,431596, hasCAPEC
122856,CAPEC_ID,431057, hasCAPEC
123161,CAPEC_ID,431057, hasCAPEC
123009,CAPEC_ID,431057, hasCAPEC
122909,CAPEC_ID,431057, hasCAPEC
122996,CAPEC_ID,431057, hasCAPEC
122952,CAPEC_ID,431057, hasCAPEC
122848,CAPEC_ID,431057, hasCAPEC
122975,CAPEC_ID,431057, hasCAPEC
122908,CAPEC_ID,431057, hasCAPEC
122908,CAPEC_ID,431330, hasCAPEC
123077,CAPEC_ID,431330, hasCAPEC
122923,CAPEC_ID,431330, hasCAPEC
123091,CAPEC_ID,431529, hasCAPEC
123164,CAPEC_ID,431529, hasCAPEC
122852,CAPEC_ID,431529, hasCAPEC
123026,CAPEC_ID,431529, hasCAPEC
122950,CAPEC_ID,431529, hasCAPEC
123110,CAPEC_ID,431058, hasCAPEC
122953,CAPEC_ID,431058, hasCAPEC
123174,CAPEC_ID,431058, hasCAPEC
123007,CAPEC_ID,431058, hasCAPEC
122890,CAPEC_ID,431058, hasCAPEC
123175,CAPEC_ID,431490, hasCAPEC
122981,CAPEC_ID,431490, hasCAPEC
122913,CAPEC_ID,431259, hasCAPEC
123135,CAPEC_ID,431259, hasCAPEC
122818,CAPEC_ID,431556, hasCAPEC
122818,CAPEC_ID,431395, hasCAPEC
122818,CAPEC_ID,431434, hasCAPEC
122924,CAPEC_ID,431147, hasCAPEC
122818,CAPEC_ID,431064, hasCAPEC
122816,CAPEC_ID,431064, hasCAPEC
123016,CAPEC_ID,431093, hasCAPEC
122821,CAPEC_ID,431174, hasCAPEC
123145,CAPEC_ID,431267, hasCAPEC
122816,CAPEC_ID,431267, hasCAPEC
122864,CAPEC_ID,431225, hasCAPEC
122945,CAPEC_ID,431315, hasCAPEC
122904,CAPEC_ID,431315, hasCAPEC
122824,CAPEC_ID,431315, hasCAPEC
122801,CAPEC_ID,431315, hasCAPEC
122940,CAPEC_ID,431315, hasCAPEC
123021,CAPEC_ID,431315, hasCAPEC
122930,CAPEC_ID,431337, hasCAPEC
123140,CAPEC_ID,431337, hasCAPEC
122844,CAPEC_ID,431337, hasCAPEC
122820,CAPEC_ID,431337, hasCAPEC
122868,CAPEC_ID,431337, hasCAPEC
122989,CAPEC_ID,431337, hasCAPEC
123060,CAPEC_ID,431337, hasCAPEC
122900,CAPEC_ID,431554, hasCAPEC
123031,CAPEC_ID,431554, hasCAPEC
123132,CAPEC_ID,431107, hasCAPEC
122800,CAPEC_ID,431578, hasCAPEC
123165,CAPEC_ID,431578, hasCAPEC
122912,CAPEC_ID,431578, hasCAPEC
122904,CAPEC_ID,431578, hasCAPEC
122798,CAPEC_ID,431578, hasCAPEC
123133,CAPEC_ID,431578, hasCAPEC
122801,CAPEC_ID,431578, hasCAPEC
122940,CAPEC_ID,431578, hasCAPEC
123080,CAPEC_ID,431578, hasCAPEC
123083,CAPEC_ID,431578, hasCAPEC
123064,CAPEC_ID,431578, hasCAPEC
122800,CAPEC_ID,431228, hasCAPEC
122904,CAPEC_ID,431228, hasCAPEC
123046,CAPEC_ID,431228, hasCAPEC
122798,CAPEC_ID,431228, hasCAPEC
123059,CAPEC_ID,431228, hasCAPEC
122940,CAPEC_ID,431228, hasCAPEC
123153,CAPEC_ID,431308, hasCAPEC
123146,CAPEC_ID,431308, hasCAPEC
123133,CAPEC_ID,431308, hasCAPEC
122835,CAPEC_ID,431308, hasCAPEC
122801,CAPEC_ID,431308, hasCAPEC
122940,CAPEC_ID,431308, hasCAPEC
123050,CAPEC_ID,431308, hasCAPEC
122786,CAPEC_ID,431308, hasCAPEC
123043,CAPEC_ID,431191, hasCAPEC
122925,CAPEC_ID,431191, hasCAPEC
122978,CAPEC_ID,431191, hasCAPEC
122898,CAPEC_ID,431191, hasCAPEC
123093,CAPEC_ID,431191, hasCAPEC
122829,CAPEC_ID,431191, hasCAPEC
123069,CAPEC_ID,431191, hasCAPEC
123100,CAPEC_ID,431191, hasCAPEC
123149,CAPEC_ID,431133, hasCAPEC
122970,CAPEC_ID,431133, hasCAPEC
122829,CAPEC_ID,431133, hasCAPEC
122967,CAPEC_ID,431133, hasCAPEC
122991,CAPEC_ID,431133, hasCAPEC
122805,CAPEC_ID,431133, hasCAPEC
123149,CAPEC_ID,431407, hasCAPEC
123118,CAPEC_ID,431407, hasCAPEC
122970,CAPEC_ID,431407, hasCAPEC
122941,CAPEC_ID,431407, hasCAPEC
122904,CAPEC_ID,431407, hasCAPEC
123059,CAPEC_ID,431407, hasCAPEC
123135,CAPEC_ID,431407, hasCAPEC
122877,CAPEC_ID,431407, hasCAPEC
123139,CAPEC_ID,431407, hasCAPEC
122823,CAPEC_ID,431407, hasCAPEC
122786,CAPEC_ID,431407, hasCAPEC
123125,CAPEC_ID,431455, hasCAPEC
123146,CAPEC_ID,431455, hasCAPEC
122845,CAPEC_ID,431455, hasCAPEC
122943,CAPEC_ID,431455, hasCAPEC
123135,CAPEC_ID,431455, hasCAPEC
123139,CAPEC_ID,431455, hasCAPEC
123116,CAPEC_ID,431455, hasCAPEC
122800,CAPEC_ID,431532, hasCAPEC
123147,CAPEC_ID,431532, hasCAPEC
122912,CAPEC_ID,431532, hasCAPEC
122941,CAPEC_ID,431532, hasCAPEC
122904,CAPEC_ID,431532, hasCAPEC
122798,CAPEC_ID,431532, hasCAPEC
123059,CAPEC_ID,431532, hasCAPEC
123021,CAPEC_ID,431532, hasCAPEC
122801,CAPEC_ID,431532, hasCAPEC
122940,CAPEC_ID,431532, hasCAPEC
123147,CAPEC_ID,431506, hasCAPEC
122810,CAPEC_ID,431506, hasCAPEC
122912,CAPEC_ID,431506, hasCAPEC
122941,CAPEC_ID,431506, hasCAPEC
122904,CAPEC_ID,431506, hasCAPEC
122798,CAPEC_ID,431506, hasCAPEC
123059,CAPEC_ID,431506, hasCAPEC
123021,CAPEC_ID,431506, hasCAPEC
122801,CAPEC_ID,431506, hasCAPEC
122940,CAPEC_ID,431506, hasCAPEC
123141,CAPEC_ID,431506, hasCAPEC
123144,CAPEC_ID,431233, hasCAPEC
122822,CAPEC_ID,431233, hasCAPEC
122904,CAPEC_ID,431233, hasCAPEC
123018,CAPEC_ID,431233, hasCAPEC
122940,CAPEC_ID,431233, hasCAPEC
122801,CAPEC_ID,431233, hasCAPEC
122839,CAPEC_ID,431233, hasCAPEC
122871,CAPEC_ID,431233, hasCAPEC
122800,CAPEC_ID,431088, hasCAPEC
123147,CAPEC_ID,431088, hasCAPEC
122912,CAPEC_ID,431088, hasCAPEC
122904,CAPEC_ID,431088, hasCAPEC
122798,CAPEC_ID,431088, hasCAPEC
123059,CAPEC_ID,431088, hasCAPEC
122801,CAPEC_ID,431088, hasCAPEC
122940,CAPEC_ID,431088, hasCAPEC
123080,CAPEC_ID,431088, hasCAPEC
122985,CAPEC_ID,431615, hasCAPEC
122851,CAPEC_ID,431615, hasCAPEC
123146,CAPEC_ID,431615, hasCAPEC
122931,CAPEC_ID,431615, hasCAPEC
123008,CAPEC_ID,431615, hasCAPEC
123003,CAPEC_ID,431615, hasCAPEC
123167,CAPEC_ID,431615, hasCAPEC
122940,CAPEC_ID,431615, hasCAPEC
123050,CAPEC_ID,431615, hasCAPEC
123090,CAPEC_ID,431615, hasCAPEC
122928,CAPEC_ID,431075, hasCAPEC
122904,CAPEC_ID,431075, hasCAPEC
123021,CAPEC_ID,431075, hasCAPEC
122940,CAPEC_ID,431075, hasCAPEC
122904,CAPEC_ID,431193, hasCAPEC
123021,CAPEC_ID,431193, hasCAPEC
123153,CAPEC_ID,431113, hasCAPEC
123146,CAPEC_ID,431113, hasCAPEC
122976,CAPEC_ID,431113, hasCAPEC
122983,CAPEC_ID,431113, hasCAPEC
123133,CAPEC_ID,431113, hasCAPEC
122940,CAPEC_ID,431113, hasCAPEC
123080,CAPEC_ID,431113, hasCAPEC
123050,CAPEC_ID,431113, hasCAPEC
122786,CAPEC_ID,431113, hasCAPEC
123107,CAPEC_ID,431438, hasCAPEC
123136,CAPEC_ID,431148, hasCAPEC
123069,CAPEC_ID,431148, hasCAPEC
123139,CAPEC_ID,431148, hasCAPEC
123122,CAPEC_ID,431212, hasCAPEC
122801,CAPEC_ID,431212, hasCAPEC
122940,CAPEC_ID,431212, hasCAPEC
123094,CAPEC_ID,431212, hasCAPEC
122835,CAPEC_ID,431222, hasCAPEC
122970,CAPEC_ID,431222, hasCAPEC
123144,CAPEC_ID,431582, hasCAPEC
122822,CAPEC_ID,431582, hasCAPEC
122904,CAPEC_ID,431582, hasCAPEC
123018,CAPEC_ID,431582, hasCAPEC
122940,CAPEC_ID,431582, hasCAPEC
122801,CAPEC_ID,431582, hasCAPEC
122839,CAPEC_ID,431582, hasCAPEC
122871,CAPEC_ID,431582, hasCAPEC
122875,CAPEC_ID,431415, hasCAPEC
123029,CAPEC_ID,431415, hasCAPEC
122892,CAPEC_ID,431555, hasCAPEC
122822,CAPEC_ID,431555, hasCAPEC
122801,CAPEC_ID,431555, hasCAPEC
122842,CAPEC_ID,431555, hasCAPEC
122871,CAPEC_ID,431555, hasCAPEC
123079,CAPEC_ID,431555, hasCAPEC
123108,CAPEC_ID,431555, hasCAPEC
122931,CAPEC_ID,431458, hasCAPEC
122985,CAPEC_ID,431458, hasCAPEC
123008,CAPEC_ID,431458, hasCAPEC
122907,CAPEC_ID,431229, hasCAPEC
123092,CAPEC_ID,431229, hasCAPEC
123031,CAPEC_ID,431229, hasCAPEC
123126,CAPEC_ID,431229, hasCAPEC
122791,CAPEC_ID,431229, hasCAPEC
122973,CAPEC_ID,431254, hasCAPEC
122867,CAPEC_ID,431255, hasCAPEC
123171,CAPEC_ID,431149, hasCAPEC
123086,CAPEC_ID,431149, hasCAPEC
122910,CAPEC_ID,431149, hasCAPEC
123169,CAPEC_ID,431149, hasCAPEC
123168,CAPEC_ID,431149, hasCAPEC
123030,CAPEC_ID,431290, hasCAPEC
