122775,"nan",CWE
122776,"CWE-682",CWE
122777,"CWE-416",CWE
122778,"CWE-1221",CWE
122779,"CWE-1272",CWE
122780,"CWE-83",CWE
122781,"CWE-363",CWE
122782,"CWE-384",CWE
122783,"CWE-18",CWE
122784,"CWE-1275",CWE
122785,"CWE-368",CWE
122786,"CWE-348",CWE
122787,"CWE-1298",CWE
122788,"CWE-640",CWE
122789,"CWE-1021",CWE
122790,"CWE-669",CWE
122791,"CWE-300",CWE
122792,"CWE-1242",CWE
122793,"CWE-405",CWE
122794,"CWE-436",CWE
122795,"CWE-398",CWE
122796,"CWE-1223",CWE
122797,"CWE-178",CWE
122798,"CWE-173",CWE
122799,"CWE-1281",CWE
122800,"CWE-172",CWE
122801,"CWE-697",CWE
122802,"CWE-706",CWE
122803,"CWE-297",CWE
122804,"CWE-434",CWE
122805,"CWE-349",CWE
122806,"CWE-835",CWE
122807,"CWE-1303",CWE
122808,"CWE-638",CWE
122809,"CWE-81",CWE
122810,"CWE-185",CWE
122811,"CWE-149",CWE
122812,"CWE-252",CWE
122813,"CWE-695",CWE
122814,"CWE-1314",CWE
122815,"CWE-1037",CWE
122816,"CWE-829",CWE
122817,"CWE-922",CWE
122818,"CWE-494",CWE
122819,"CWE-689",CWE
122820,"CWE-654",CWE
122821,"CWE-923",CWE
122822,"CWE-120",CWE
122823,"CWE-23",CWE
122824,"CWE-209",CWE
122825,"CWE-1299",CWE
122826,"CWE-131",CWE
122827,"CWE-204",CWE
122828,"CWE-112",CWE
122829,"CWE-353",CWE
122830,"CWE-371",CWE
122831,"CWE-419",CWE
122832,"CWE-1187",CWE
122833,"CWE-488",CWE
122834,"CWE-412",CWE
122835,"CWE-350",CWE
122836,"CWE-140",CWE
122837,"CWE-1234",CWE
122838,"CWE-506",CWE
122839,"CWE-119",CWE
122840,"CWE-235",CWE
122841,"CWE-532",CWE
122842,"CWE-122",CWE
122843,"CWE-822",CWE
122844,"CWE-798",CWE
122845,"CWE-473",CWE
122846,"CWE-147",CWE
122847,"CWE-1322",CWE
122848,"CWE-1260",CWE
122849,"CWE-216",CWE
122850,"CWE-472",CWE
122851,"CWE-279",CWE
122852,"CWE-1224",CWE
122853,"CWE-330",CWE
122854,"CWE-61",CWE
122855,"CWE-264",CWE
122856,"CWE-1316",CWE
122857,"CWE-191",CWE
122858,"CWE-269",CWE
122859,"CWE-1280",CWE
122860,"CWE-326",CWE
122861,"CWE-1327",CWE
122862,"CWE-610",CWE
122863,"CWE-1333",CWE
122864,"CWE-1300",CWE
122865,"CWE-36",CWE
122866,"CWE-502",CWE
122867,"CWE-589",CWE
122868,"CWE-263",CWE
122869,"CWE-691",CWE
122870,"CWE-1246",CWE
122871,"CWE-680",CWE
122872,"CWE-123",CWE
122873,"CWE-369",CWE
122874,"CWE-212",CWE
122875,"CWE-301",CWE
122876,"CWE-430",CWE
122877,"CWE-59",CWE
122878,"CWE-1320",CWE
122879,"CWE-776",CWE
122880,"CWE-291",CWE
122881,"CWE-1220",CWE
122882,"CWE-21",CWE
122883,"CWE-347",CWE
122884,"CWE-428",CWE
122885,"CWE-257",CWE
122886,"CWE-1315",CWE
122887,"CWE-399",CWE
122888,"CWE-774",CWE
122889,"CWE-664",CWE
122890,"CWE-1270",CWE
122891,"CWE-1295",CWE
122892,"CWE-128",CWE
122893,"CWE-909",CWE
122894,"CWE-338",CWE
122895,"CWE-255",CWE
122896,"CWE-362",CWE
122897,"CWE-1258",CWE
122898,"CWE-1265",CWE
122899,"CWE-522",CWE
122900,"CWE-345",CWE
122901,"CWE-524",CWE
122902,"CWE-565",CWE
122903,"CWE-370",CWE
122904,"CWE-74",CWE
122905,"CWE-1334",CWE
122906,"CWE-199",CWE
122907,"CWE-290",CWE
122908,"CWE-1326",CWE
122909,"CWE-1252",CWE
122910,"CWE-327",CWE
122911,"CWE-335",CWE
122912,"CWE-180",CWE
122913,"CWE-250",CWE
122914,"CWE-757",CWE
122915,"CWE-97",CWE
122916,"CWE-564",CWE
122917,"CWE-314",CWE
122918,"CWE-426",CWE
122919,"CWE-320",CWE
122920,"CWE-1301",CWE
122921,"CWE-1256",CWE
122922,"CWE-318",CWE
122923,"CWE-325",CWE
122924,"CWE-497",CWE
122925,"CWE-372",CWE
122926,"CWE-1318",CWE
122927,"CWE-770",CWE
122928,"CWE-91",CWE
122929,"CWE-1192",CWE
122930,"CWE-262",CWE
122931,"CWE-150",CWE
122932,"CWE-267",CWE
122933,"CWE-602",CWE
122934,"CWE-1331",CWE
122935,"CWE-1338",CWE
122936,"CWE-310",CWE
122937,"CWE-648",CWE
122938,"CWE-1264",CWE
122939,"CWE-649",CWE
122940,"CWE-20",CWE
122941,"CWE-22",CWE
122942,"CWE-146",CWE
122943,"CWE-94",CWE
122944,"CWE-645",CWE
122945,"CWE-89",CWE
122946,"CWE-85",CWE
122947,"CWE-424",CWE
122948,"CWE-1189",CWE
122949,"CWE-388",CWE
122950,"CWE-1233",CWE
122951,"CWE-46",CWE
122952,"CWE-1282",CWE
122953,"CWE-1267",CWE
122954,"CWE-763",CWE
122955,"CWE-1286",CWE
122956,"CWE-489",CWE
122957,"CWE-567",CWE
122958,"CWE-514",CWE
122959,"CWE-1191",CWE
122960,"CWE-307",CWE
122961,"CWE-98",CWE
122962,"CWE-755",CWE
122963,"CWE-539",CWE
122964,"CWE-1247",CWE
122965,"CWE-312",CWE
122966,"CWE-95",CWE
122967,"CWE-99",CWE
122968,"CWE-823",CWE
122969,"CWE-862",CWE
122970,"CWE-346",CWE
122971,"CWE-1351",CWE
122972,"CWE-201",CWE
122973,"CWE-538",CWE
122974,"CWE-284",CWE
122975,"CWE-1312",CWE
122976,"CWE-79",CWE
122977,"CWE-639",CWE
122978,"CWE-1253",CWE
122979,"CWE-523",CWE
122980,"CWE-404",CWE
122981,"CWE-1277",CWE
122982,"CWE-1323",CWE
122983,"CWE-113",CWE
122984,"CWE-1190",CWE
122985,"CWE-117",CWE
122986,"CWE-444",CWE
122987,"CWE-471",CWE
122988,"CWE-1254",CWE
122989,"CWE-308",CWE
122990,"CWE-69",CWE
122991,"CWE-354",CWE
122992,"CWE-943",CWE
122993,"CWE-331",CWE
122994,"CWE-525",CWE
122995,"CWE-233",CWE
122996,"CWE-1222",CWE
122997,"CWE-407",CWE
122998,"CWE-441",CWE
122999,"CWE-459",CWE
123000,"CWE-553",CWE
123001,"CWE-361",CWE
123002,"CWE-417",CWE
123003,"CWE-93",CWE
123004,"CWE-273",CWE
123005,"CWE-1311",CWE
123006,"CWE-306",CWE
123007,"CWE-1294",CWE
123008,"CWE-75",CWE
123009,"CWE-1274",CWE
123010,"CWE-415",CWE
123011,"CWE-838",CWE
123012,"CWE-662",CWE
123013,"CWE-769",CWE
123014,"CWE-614",CWE
123015,"CWE-1255",CWE
123016,"CWE-1342",CWE
123017,"CWE-154",CWE
123018,"CWE-733",CWE
123019,"CWE-918",CWE
123020,"CWE-1209",CWE
123021,"CWE-707",CWE
123022,"CWE-1330",CWE
123023,"CWE-843",CWE
123024,"CWE-87",CWE
123025,"CWE-427",CWE
123026,"CWE-1283",CWE
123027,"CWE-613",CWE
123028,"CWE-646",CWE
123029,"CWE-303",CWE
123030,"CWE-451",CWE
123031,"CWE-294",CWE
123032,"CWE-470",CWE
123033,"CWE-134",CWE
123034,"CWE-824",CWE
123035,"CWE-1332",CWE
123036,"CWE-772",CWE
123037,"CWE-940",CWE
123038,"CWE-1304",CWE
123039,"CWE-205",CWE
123040,"CWE-16",CWE
123041,"CWE-672",CWE
123042,"CWE-130",CWE
123043,"CWE-315",CWE
123044,"CWE-311",CWE
123045,"CWE-1313",CWE
123046,"CWE-177",CWE
123047,"CWE-203",CWE
123048,"CWE-352",CWE
123049,"CWE-732",CWE
123050,"CWE-116",CWE
123051,"CWE-920",CWE
123052,"CWE-836",CWE
123053,"CWE-668",CWE
123054,"CWE-1188",CWE
123055,"CWE-642",CWE
123056,"CWE-1278",CWE
123057,"CWE-601",CWE
123058,"CWE-1273",CWE
123059,"CWE-73",CWE
123060,"CWE-521",CWE
123061,"CWE-366",CWE
123062,"CWE-1248",CWE
123063,"CWE-749",CWE
123064,"CWE-176",CWE
123065,"CWE-674",CWE
123066,"CWE-696",CWE
123067,"CWE-162",CWE
123068,"CWE-193",CWE
123069,"CWE-693",CWE
123070,"CWE-261",CWE
123071,"CWE-270",CWE
123072,"CWE-1269",CWE
123073,"CWE-663",CWE
123074,"CWE-1328",CWE
123075,"CWE-41",CWE
123076,"CWE-275",CWE
123077,"CWE-328",CWE
123078,"CWE-534",CWE
123079,"CWE-196",CWE
123080,"CWE-692",CWE
123081,"CWE-17",CWE
123082,"CWE-282",CWE
123083,"CWE-183",CWE
123084,"CWE-863",CWE
123085,"CWE-125",CWE
123086,"CWE-1240",CWE
123087,"CWE-1266",CWE
123088,"CWE-295",CWE
123089,"CWE-787",CWE
123090,"CWE-276",CWE
123091,"CWE-1231",CWE
123092,"CWE-287",CWE
123093,"CWE-1245",CWE
123094,"CWE-88",CWE
123095,"CWE-1239",CWE
123096,"CWE-6",CWE
123097,"CWE-1319",CWE
123098,"CWE-665",CWE
123099,"CWE-367",CWE
123100,"CWE-1271",CWE
123101,"CWE-1263",CWE
123102,"CWE-916",CWE
123103,"CWE-1232",CWE
123104,"CWE-1325",CWE
123105,"CWE-667",CWE
123106,"CWE-385",CWE
123107,"CWE-80",CWE
123108,"CWE-190",CWE
123109,"CWE-400",CWE
123110,"CWE-1302",CWE
123111,"CWE-359",CWE
123112,"CWE-226",CWE
123113,"CWE-775",CWE
123114,"CWE-377",CWE
123115,"CWE-476",CWE
123116,"CWE-302",CWE
123117,"CWE-1268",CWE
123118,"CWE-272",CWE
123119,"CWE-833",CWE
123120,"CWE-157",CWE
123121,"CWE-241",CWE
123122,"CWE-78",CWE
123123,"CWE-158",CWE
123124,"CWE-704",CWE
123125,"CWE-1321",CWE
123126,"CWE-593",CWE
123127,"CWE-19",CWE
123128,"CWE-332",CWE
123129,"CWE-114",CWE
123130,"CWE-254",CWE
123131,"CWE-925",CWE
123132,"CWE-1296",CWE
123133,"CWE-184",CWE
123134,"CWE-129",CWE
123135,"CWE-15",CWE
123136,"CWE-425",CWE
123137,"CWE-319",CWE
123138,"CWE-912",CWE
123139,"CWE-285",CWE
123140,"CWE-309",CWE
123141,"CWE-200",CWE
123142,"CWE-208",CWE
123143,"CWE-805",CWE
123144,"CWE-118",CWE
123145,"CWE-507",CWE
123146,"CWE-96",CWE
123147,"CWE-181",CWE
123148,"CWE-924",CWE
123149,"CWE-77",CWE
123150,"CWE-189",CWE
123151,"CWE-281",CWE
123152,"CWE-1",CWE
123153,"CWE-86",CWE
123154,"CWE-138",CWE
123155,"CWE-1244",CWE
123156,"CWE-288",CWE
123157,"CWE-1193",CWE
123158,"CWE-552",CWE
123159,"CWE-681",CWE
123160,"CWE-913",CWE
123161,"CWE-1257",CWE
123162,"CWE-358",CWE
123163,"CWE-1007",CWE
123164,"CWE-1262",CWE
123165,"CWE-179",CWE
123166,"CWE-1297",CWE
123167,"CWE-221",CWE
123168,"CWE-1279",CWE
123169,"CWE-1241",CWE
123170,"CWE-611",CWE
123171,"CWE-1204",CWE
123172,"CWE-754",CWE
123173,"CWE-834",CWE
123174,"CWE-1259",CWE
123175,"CWE-1310",CWE
123176,"CWE-90",CWE
123177,"CWE-670",CWE
123178,"CWE-617",CWE
123179,"CWE-1317",CWE
123180,"CWE-1243",CWE
